folder,file,path,date,method,threshold,total_pixels,valid_pixels,valid_pct,green_pixels,green_pct,mean_index,median_index,use,screen_reason,mask_file
Landsat,landsat_monthly_1990_01.tif,GEE_exports_monthly_composites/landsat_monthly_1990_01.tif,1990-01-01,ndvi,0.5,18630,10690,57.380568974771876,10074,94.2376052385407,0.7165178656578064,0.7551977634429932,True,,python_green_mask_outputs/masks/Landsat/landsat_monthly_1990_01_python_green_mask.tif
Landsat,landsat_monthly_1990_02.tif,GEE_exports_monthly_composites/landsat_monthly_1990_02.tif,1990-02-01,ndvi,0.5,18630,0,0.0,0,,,,False,no valid pixels,python_green_mask_outputs/masks/Landsat/landsat_monthly_1990_02_python_green_mask.tif
Landsat,landsat_monthly_1990_03.tif,GEE_exports_monthly_composites/landsat_monthly_1990_03.tif,1990-03-01,ndvi,0.5,18630,13674,73.39774557165862,13076,95.62673687289747,0.7045302987098694,0.7299411296844482,True,,python_green_mask_outputs/masks/Landsat/landsat_monthly_1990_03_python_green_mask.tif
Landsat,landsat_monthly_1990_04.tif,GEE_exports_monthly_composites/landsat_monthly_1990_04.tif,1990-04-01,ndvi,0.5,18630,10744,57.67042404723564,9857,91.74422933730455,0.6647332310676575,0.6863769292831421,True,,python_green_mask_outputs/masks/Landsat/landsat_monthly_1990_04_python_green_mask.tif
Landsat,landsat_monthly_1990_06.tif,GEE_exports_monthly_composites/landsat_monthly_1990_06.tif,1990-06-01,ndvi,0.5,18630,0,0.0,0,,,,False,no valid pixels,python_green_mask_outputs/masks/Landsat/landsat_monthly_1990_06_python_green_mask.tif
Landsat,landsat_monthly_1990_07.tif,GEE_exports_monthly_composites/landsat_monthly_1990_07.tif,1990-07-01,ndvi,0.5,18630,36,0.1932367149758454,27,75.0,0.5566725134849548,0.5630706548690796,False,low valid-pixel percentage,python_green_mask_outputs/masks/Landsat/landsat_monthly_1990_07_python_green_mask.tif
Landsat,landsat_monthly_1990_09.tif,GEE_exports_monthly_composites/landsat_monthly_1990_09.tif,1990-09-01,ndvi,0.5,18630,0,0.0,0,,,,False,no valid pixels,python_green_mask_outputs/masks/Landsat/landsat_monthly_1990_09_python_green_mask.tif
Landsat,landsat_monthly_1990_10.tif,GEE_exports_monthly_composites/landsat_monthly_1990_10.tif,1990-10-01,ndvi,0.5,18630,481,2.581857219538379,178,37.00623700623701,0.44934985041618347,0.42436352372169495,False,low valid-pixel percentage,python_green_mask_outputs/masks/Landsat/landsat_monthly_1990_10_python_green_mask.tif
Landsat,landsat_monthly_1990_12.tif,GEE_exports_monthly_composites/landsat_monthly_1990_12.tif,1990-12-01,ndvi,0.5,18630,0,0.0,0,,,,False,no valid pixels,python_green_mask_outputs/masks/Landsat/landsat_monthly_1990_12_python_green_mask.tif
Landsat,landsat_monthly_1991_01.tif,GEE_exports_monthly_composites/landsat_monthly_1991_01.tif,1991-01-01,ndvi,0.5,18630,18287,98.15888352120236,17836,97.53376715699677,0.7344685792922974,0.7616579532623291,True,,python_green_mask_outputs/masks/Landsat/landsat_monthly_1991_01_python_green_mask.tif
Landsat,landsat_monthly_1991_02.tif,GEE_exports_monthly_composites/landsat_monthly_1991_02.tif,1991-02-01,ndvi,0.5,18630,10427,55.96886741814278,6825,65.4550685719766,0.5653612613677979,0.5648037195205688,True,,python_green_mask_outputs/masks/Landsat/landsat_monthly_1991_02_python_green_mask.tif
Landsat,landsat_monthly_1991_03.tif,GEE_exports_monthly_composites/landsat_monthly_1991_03.tif,1991-03-01,ndvi,0.5,18630,73,0.39184111647879766,52,71.23287671232876,0.5413529276847839,0.5667026042938232,False,low valid-pixel percentage,python_green_mask_outputs/masks/Landsat/landsat_monthly_1991_03_python_green_mask.tif
Landsat,landsat_monthly_1991_04.tif,GEE_exports_monthly_composites/landsat_monthly_1991_04.tif,1991-04-01,ndvi,0.5,18630,14952,80.25764895330113,12794,85.56714820759764,0.6316699385643005,0.6517252922058105,True,,python_green_mask_outputs/masks/Landsat/landsat_monthly_1991_04_python_green_mask.tif
Landsat,landsat_monthly_1991_05.tif,GEE_exports_monthly_composites/landsat_monthly_1991_05.tif,1991-05-01,ndvi,0.5,18630,29,0.1556629092860977,0,0.0,0.41076144576072693,0.4238170385360718,False,low valid-pixel percentage,python_green_mask_outputs/masks/Landsat/landsat_monthly_1991_05_python_green_mask.tif
Landsat,landsat_monthly_1991_06.tif,GEE_exports_monthly_composites/landsat_monthly_1991_06.tif,1991-06-01,ndvi,0.5,18630,323,1.7337627482555018,323,100.0,0.7032145857810974,0.7057399153709412,False,low valid-pixel percentage,python_green_mask_outputs/masks/Landsat/landsat_monthly_1991_06_python_green_mask.tif
Landsat,landsat_monthly_1991_07.tif,GEE_exports_monthly_composites/landsat_monthly_1991_07.tif,1991-07-01,ndvi,0.5,18630,15265,81.93773483628556,11788,77.22240419259745,0.5404623746871948,0.5474351644515991,True,,python_green_mask_outputs/masks/Landsat/landsat_monthly_1991_07_python_green_mask.tif
Landsat,landsat_monthly_1991_08.tif,GEE_exports_monthly_composites/landsat_monthly_1991_08.tif,1991-08-01,ndvi,0.5,18630,0,0.0,0,,,,False,no valid pixels,python_green_mask_outputs/masks/Landsat/landsat_monthly_1991_08_python_green_mask.tif
Landsat,landsat_monthly_1991_09.tif,GEE_exports_monthly_composites/landsat_monthly_1991_09.tif,1991-09-01,ndvi,0.5,18630,0,0.0,0,,,,False,no valid pixels,python_green_mask_outputs/masks/Landsat/landsat_monthly_1991_09_python_green_mask.tif
Landsat,landsat_monthly_1991_10.tif,GEE_exports_monthly_composites/landsat_monthly_1991_10.tif,1991-10-01,ndvi,0.5,18630,13509,72.512077294686,543,4.019542527204086,0.3296652138233185,0.31581878662109375,True,,python_green_mask_outputs/masks/Landsat/landsat_monthly_1991_10_python_green_mask.tif
Landsat,landsat_monthly_1991_12.tif,GEE_exports_monthly_composites/landsat_monthly_1991_12.tif,1991-12-01,ndvi,0.5,18630,18630,100.0,18404,98.78690284487386,0.7228453755378723,0.7456997036933899,True,,python_green_mask_outputs/masks/Landsat/landsat_monthly_1991_12_python_green_mask.tif
Landsat,landsat_monthly_1992_01.tif,GEE_exports_monthly_composites/landsat_monthly_1992_01.tif,1992-01-01,ndvi,0.5,18630,0,0.0,0,,,,False,no valid pixels,python_green_mask_outputs/masks/Landsat/landsat_monthly_1992_01_python_green_mask.tif
Landsat,landsat_monthly_1992_03.tif,GEE_exports_monthly_composites/landsat_monthly_1992_03.tif,1992-03-01,ndvi,0.5,18630,7312,39.24852388620504,7,0.09573304157549234,0.15247678756713867,0.14195334911346436,True,,python_green_mask_outputs/masks/Landsat/landsat_monthly_1992_03_python_green_mask.tif
Landsat,landsat_monthly_1992_04.tif,GEE_exports_monthly_composites/landsat_monthly_1992_04.tif,1992-04-01,ndvi,0.5,18630,498,2.6731078904991947,389,78.11244979919678,0.5528622269630432,0.5614007711410522,False,low valid-pixel percentage,python_green_mask_outputs/masks/Landsat/landsat_monthly_1992_04_python_green_mask.tif
Landsat,landsat_monthly_1992_05.tif,GEE_exports_monthly_composites/landsat_monthly_1992_05.tif,1992-05-01,ndvi,0.5,18630,7054,37.86366076221149,5940,84.20754182024383,0.5979212522506714,0.6096958518028259,True,,python_green_mask_outputs/masks/Landsat/landsat_monthly_1992_05_python_green_mask.tif
Landsat,landsat_monthly_1992_07.tif,GEE_exports_monthly_composites/landsat_monthly_1992_07.tif,1992-07-01,ndvi,0.5,18630,2053,11.019860440150294,1194,58.15879201169021,0.5133066773414612,0.514405369758606,True,,python_green_mask_outputs/masks/Landsat/landsat_monthly_1992_07_python_green_mask.tif
Landsat,landsat_monthly_1992_09.tif,GEE_exports_monthly_composites/landsat_monthly_1992_09.tif,1992-09-01,ndvi,0.5,18630,3295,17.68652710681696,404,12.261001517450683,0.3896661400794983,0.38209861516952515,True,,python_green_mask_outputs/masks/Landsat/landsat_monthly_1992_09_python_green_mask.tif
Landsat,landsat_monthly_1992_10.tif,GEE_exports_monthly_composites/landsat_monthly_1992_10.tif,1992-10-01,ndvi,0.5,18630,18630,100.0,205,1.1003757380568975,0.3157825767993927,0.31847047805786133,True,,python_green_mask_outputs/masks/Landsat/landsat_monthly_1992_10_python_green_mask.tif
Landsat,landsat_monthly_1992_11.tif,GEE_exports_monthly_composites/landsat_monthly_1992_11.tif,1992-11-01,ndvi,0.5,18630,0,0.0,0,,,,False,no valid pixels,python_green_mask_outputs/masks/Landsat/landsat_monthly_1992_11_python_green_mask.tif
Landsat,landsat_monthly_1992_12.tif,GEE_exports_monthly_composites/landsat_monthly_1992_12.tif,1992-12-01,ndvi,0.5,18630,2467,13.242082662372518,1539,62.38346169436563,0.5224125981330872,0.537015438079834,True,,python_green_mask_outputs/masks/Landsat/landsat_monthly_1992_12_python_green_mask.tif
Landsat,landsat_monthly_1993_01.tif,GEE_exports_monthly_composites/landsat_monthly_1993_01.tif,1993-01-01,ndvi,0.5,18630,7597,40.77831454643049,7316,96.30117151507174,0.6705140471458435,0.6838837265968323,True,,python_green_mask_outputs/masks/Landsat/landsat_monthly_1993_01_python_green_mask.tif
Landsat,landsat_monthly_1993_02.tif,GEE_exports_monthly_composites/landsat_monthly_1993_02.tif,1993-02-01,ndvi,0.5,18630,278,1.492216854535695,210,75.53956834532374,0.5599105954170227,0.567975640296936,False,low valid-pixel percentage,python_green_mask_outputs/masks/Landsat/landsat_monthly_1993_02_python_green_mask.tif
Landsat,landsat_monthly_1993_04.tif,GEE_exports_monthly_composites/landsat_monthly_1993_04.tif,1993-04-01,ndvi,0.5,18630,1465,7.863660762211487,854,58.29351535836177,0.4716510772705078,0.5343552231788635,False,low valid-pixel percentage,python_green_mask_outputs/masks/Landsat/landsat_monthly_1993_04_python_green_mask.tif
Landsat,landsat_monthly_1993_06.tif,GEE_exports_monthly_composites/landsat_monthly_1993_06.tif,1993-06-01,ndvi,0.5,18630,13917,74.70209339774557,6598,47.4096428828052,0.47403684258461,0.49125203490257263,True,,python_green_mask_outputs/masks/Landsat/landsat_monthly_1993_06_python_green_mask.tif
Landsat,landsat_monthly_1993_07.tif,GEE_exports_monthly_composites/landsat_monthly_1993_07.tif,1993-07-01,ndvi,0.5,18630,389,2.0880300590445517,18,4.627249357326479,0.33684876561164856,0.32801294326782227,False,low valid-pixel percentage,python_green_mask_outputs/masks/Landsat/landsat_monthly_1993_07_python_green_mask.tif
Landsat,landsat_monthly_1993_08.tif,GEE_exports_monthly_composites/landsat_monthly_1993_08.tif,1993-08-01,ndvi,0.5,18630,11612,62.32957595276436,4255,36.6431277988288,0.4664495587348938,0.4670467674732208,True,,python_green_mask_outputs/masks/Landsat/landsat_monthly_1993_08_python_green_mask.tif
Landsat,landsat_monthly_1993_09.tif,GEE_exports_monthly_composites/landsat_monthly_1993_09.tif,1993-09-01,ndvi,0.5,18630,4482,24.057971014492754,17,0.37929495760821064,0.3008132576942444,0.28997647762298584,True,,python_green_mask_outputs/masks/Landsat/landsat_monthly_1993_09_python_green_mask.tif
Landsat,landsat_monthly_1993_10.tif,GEE_exports_monthly_composites/landsat_monthly_1993_10.tif,1993-10-01,ndvi,0.5,18630,841,4.514224369296833,6,0.713436385255648,0.3866657018661499,0.40003129839897156,False,low valid-pixel percentage,python_green_mask_outputs/masks/Landsat/landsat_monthly_1993_10_python_green_mask.tif
Landsat,landsat_monthly_1993_11.tif,GEE_exports_monthly_composites/landsat_monthly_1993_11.tif,1993-11-01,ndvi,0.5,18630,4840,25.979602791196996,355,7.3347107438016526,0.35123714804649353,0.34866440296173096,True,,python_green_mask_outputs/masks/Landsat/landsat_monthly_1993_11_python_green_mask.tif
Landsat,landsat_monthly_1993_12.tif,GEE_exports_monthly_composites/landsat_monthly_1993_12.tif,1993-12-01,ndvi,0.5,18630,0,0.0,0,,,,False,no valid pixels,python_green_mask_outputs/masks/Landsat/landsat_monthly_1993_12_python_green_mask.tif
Landsat,landsat_monthly_1994_01.tif,GEE_exports_monthly_composites/landsat_monthly_1994_01.tif,1994-01-01,ndvi,0.5,18630,1,0.005367686527106817,0,0.0,0.26264628767967224,0.26264628767967224,False,low valid-pixel percentage,python_green_mask_outputs/masks/Landsat/landsat_monthly_1994_01_python_green_mask.tif
Landsat,landsat_monthly_1994_02.tif,GEE_exports_monthly_composites/landsat_monthly_1994_02.tif,1994-02-01,ndvi,0.5,18630,4927,26.446591519055286,2511,50.964075502334076,0.4888255298137665,0.5054321885108948,True,,python_green_mask_outputs/masks/Landsat/landsat_monthly_1994_02_python_green_mask.tif
Landsat,landsat_monthly_1994_04.tif,GEE_exports_monthly_composites/landsat_monthly_1994_04.tif,1994-04-01,ndvi,0.5,18630,0,0.0,0,,,,False,no valid pixels,python_green_mask_outputs/masks/Landsat/landsat_monthly_1994_04_python_green_mask.tif
Landsat,landsat_monthly_1994_05.tif,GEE_exports_monthly_composites/landsat_monthly_1994_05.tif,1994-05-01,ndvi,0.5,18630,13883,74.51959205582394,12392,89.26024634445005,0.6697381138801575,0.7004300951957703,True,,python_green_mask_outputs/masks/Landsat/landsat_monthly_1994_05_python_green_mask.tif
Landsat,landsat_monthly_1994_06.tif,GEE_exports_monthly_composites/landsat_monthly_1994_06.tif,1994-06-01,ndvi,0.5,18630,0,0.0,0,,,,False,no valid pixels,python_green_mask_outputs/masks/Landsat/landsat_monthly_1994_06_python_green_mask.tif
Landsat,landsat_monthly_1994_07.tif,GEE_exports_monthly_composites/landsat_monthly_1994_07.tif,1994-07-01,ndvi,0.5,18630,9635,51.71765968867418,8504,88.26154644525168,0.6217091679573059,0.626355767250061,True,,python_green_mask_outputs/masks/Landsat/landsat_monthly_1994_07_python_green_mask.tif
Landsat,landsat_monthly_1994_10.tif,GEE_exports_monthly_composites/landsat_monthly_1994_10.tif,1994-10-01,ndvi,0.5,18630,214,1.1486849168008588,8,3.7383177570093458,0.38142159581184387,0.36709630489349365,False,low valid-pixel percentage,python_green_mask_outputs/masks/Landsat/landsat_monthly_1994_10_python_green_mask.tif
Landsat,landsat_monthly_1994_11.tif,GEE_exports_monthly_composites/landsat_monthly_1994_11.tif,1994-11-01,ndvi,0.5,18630,982,5.271068169618895,7,0.7128309572301426,0.328779011964798,0.331462562084198,False,low valid-pixel percentage,python_green_mask_outputs/masks/Landsat/landsat_monthly_1994_11_python_green_mask.tif
Landsat,landsat_monthly_1994_12.tif,GEE_exports_monthly_composites/landsat_monthly_1994_12.tif,1994-12-01,ndvi,0.5,18630,2314,12.420826623725175,1279,55.27225583405359,0.5084948539733887,0.5288466215133667,True,,python_green_mask_outputs/masks/Landsat/landsat_monthly_1994_12_python_green_mask.tif
Landsat,landsat_monthly_1995_03.tif,GEE_exports_monthly_composites/landsat_monthly_1995_03.tif,1995-03-01,ndvi,0.5,18630,0,0.0,0,,,,False,no valid pixels,python_green_mask_outputs/masks/Landsat/landsat_monthly_1995_03_python_green_mask.tif
Landsat,landsat_monthly_1995_04.tif,GEE_exports_monthly_composites/landsat_monthly_1995_04.tif,1995-04-01,ndvi,0.5,18630,1459,7.831454643048846,1232,84.4413982179575,0.6177709698677063,0.6509125828742981,False,low valid-pixel percentage,python_green_mask_outputs/masks/Landsat/landsat_monthly_1995_04_python_green_mask.tif
Landsat,landsat_monthly_1995_05.tif,GEE_exports_monthly_composites/landsat_monthly_1995_05.tif,1995-05-01,ndvi,0.5,18630,17144,92.02361782071927,13469,78.56392907139524,0.6119700074195862,0.6461106538772583,True,,python_green_mask_outputs/masks/Landsat/landsat_monthly_1995_05_python_green_mask.tif
Landsat,landsat_monthly_1995_06.tif,GEE_exports_monthly_composites/landsat_monthly_1995_06.tif,1995-06-01,ndvi,0.5,18630,421,2.2597960279119698,0,0.0,0.29246068000793457,0.2914995551109314,False,low valid-pixel percentage,python_green_mask_outputs/masks/Landsat/landsat_monthly_1995_06_python_green_mask.tif
Landsat,landsat_monthly_1995_07.tif,GEE_exports_monthly_composites/landsat_monthly_1995_07.tif,1995-07-01,ndvi,0.5,18630,18628,99.98926462694578,15501,83.2134421301267,0.6174972057342529,0.6449737548828125,True,,python_green_mask_outputs/masks/Landsat/landsat_monthly_1995_07_python_green_mask.tif
Landsat,landsat_monthly_1995_08.tif,GEE_exports_monthly_composites/landsat_monthly_1995_08.tif,1995-08-01,ndvi,0.5,18630,7279,39.07139023081052,5120,70.33933232586894,0.563656747341156,0.5729925036430359,True,,python_green_mask_outputs/masks/Landsat/landsat_monthly_1995_08_python_green_mask.tif
Landsat,landsat_monthly_1995_09.tif,GEE_exports_monthly_composites/landsat_monthly_1995_09.tif,1995-09-01,ndvi,0.5,18630,8682,46.60225442834138,4457,51.336097673347155,0.4890628159046173,0.5036715865135193,True,,python_green_mask_outputs/masks/Landsat/landsat_monthly_1995_09_python_green_mask.tif
Landsat,landsat_monthly_1995_10.tif,GEE_exports_monthly_composites/landsat_monthly_1995_10.tif,1995-10-01,ndvi,0.5,18630,18129,97.31078904991948,1595,8.798058359534448,0.34031128883361816,0.3279116451740265,True,,python_green_mask_outputs/masks/Landsat/landsat_monthly_1995_10_python_green_mask.tif
Landsat,landsat_monthly_1995_12.tif,GEE_exports_monthly_composites/landsat_monthly_1995_12.tif,1995-12-01,ndvi,0.5,18630,288,1.5458937198067633,261,90.625,0.5801593065261841,0.5862436294555664,False,low valid-pixel percentage,python_green_mask_outputs/masks/Landsat/landsat_monthly_1995_12_python_green_mask.tif
Landsat,landsat_monthly_1996_01.tif,GEE_exports_monthly_composites/landsat_monthly_1996_01.tif,1996-01-01,ndvi,0.5,18630,3517,18.878153515834676,3237,92.03866932044356,0.6199772357940674,0.640773355960846,True,,python_green_mask_outputs/masks/Landsat/landsat_monthly_1996_01_python_green_mask.tif
Landsat,landsat_monthly_1996_03.tif,GEE_exports_monthly_composites/landsat_monthly_1996_03.tif,1996-03-01,ndvi,0.5,18630,94,0.5045625335480408,94,100.0,0.7178406119346619,0.7318613529205322,False,low valid-pixel percentage,python_green_mask_outputs/masks/Landsat/landsat_monthly_1996_03_python_green_mask.tif
Landsat,landsat_monthly_1996_04.tif,GEE_exports_monthly_composites/landsat_monthly_1996_04.tif,1996-04-01,ndvi,0.5,18630,18630,100.0,16465,88.37895866881374,0.6623602509498596,0.6973507404327393,True,,python_green_mask_outputs/masks/Landsat/landsat_monthly_1996_04_python_green_mask.tif
Landsat,landsat_monthly_1996_05.tif,GEE_exports_monthly_composites/landsat_monthly_1996_05.tif,1996-05-01,ndvi,0.5,18630,5691,30.547504025764894,3843,67.52767527675277,0.5676432847976685,0.5812094807624817,True,,python_green_mask_outputs/masks/Landsat/landsat_monthly_1996_05_python_green_mask.tif
Landsat,landsat_monthly_1996_06.tif,GEE_exports_monthly_composites/landsat_monthly_1996_06.tif,1996-06-01,ndvi,0.5,18630,1612,8.652710681696188,783,48.57320099255583,0.49950355291366577,0.49482089281082153,False,low valid-pixel percentage,python_green_mask_outputs/masks/Landsat/landsat_monthly_1996_06_python_green_mask.tif
Landsat,landsat_monthly_1996_07.tif,GEE_exports_monthly_composites/landsat_monthly_1996_07.tif,1996-07-01,ndvi,0.5,18630,5255,28.207192699946322,2812,53.51094196003806,0.5174083709716797,0.5170668959617615,True,,python_green_mask_outputs/masks/Landsat/landsat_monthly_1996_07_python_green_mask.tif
Landsat,landsat_monthly_1996_08.tif,GEE_exports_monthly_composites/landsat_monthly_1996_08.tif,1996-08-01,ndvi,0.5,18630,16061,86.21041331186258,3362,20.93269410372953,0.39850232005119324,0.3830333650112152,True,,python_green_mask_outputs/masks/Landsat/landsat_monthly_1996_08_python_green_mask.tif
Landsat,landsat_monthly_1996_09.tif,GEE_exports_monthly_composites/landsat_monthly_1996_09.tif,1996-09-01,ndvi,0.5,18630,537,2.8824476650563606,42,7.82122905027933,0.41080066561698914,0.40731704235076904,False,low valid-pixel percentage,python_green_mask_outputs/masks/Landsat/landsat_monthly_1996_09_python_green_mask.tif
Landsat,landsat_monthly_1996_10.tif,GEE_exports_monthly_composites/landsat_monthly_1996_10.tif,1996-10-01,ndvi,0.5,18630,16227,87.10144927536231,869,5.355272077401861,0.34384310245513916,0.3313758373260498,True,,python_green_mask_outputs/masks/Landsat/landsat_monthly_1996_10_python_green_mask.tif
Landsat,landsat_monthly_1996_11.tif,GEE_exports_monthly_composites/landsat_monthly_1996_11.tif,1996-11-01,ndvi,0.5,18630,0,0.0,0,,,,False,no valid pixels,python_green_mask_outputs/masks/Landsat/landsat_monthly_1996_11_python_green_mask.tif
Landsat,landsat_monthly_1996_12.tif,GEE_exports_monthly_composites/landsat_monthly_1996_12.tif,1996-12-01,ndvi,0.5,18630,14799,79.43639291465378,12122,81.91093992837354,0.6363747119903564,0.6748135685920715,True,,python_green_mask_outputs/masks/Landsat/landsat_monthly_1996_12_python_green_mask.tif
Landsat,landsat_monthly_1997_01.tif,GEE_exports_monthly_composites/landsat_monthly_1997_01.tif,1997-01-01,ndvi,0.5,18630,0,0.0,0,,,,False,no valid pixels,python_green_mask_outputs/masks/Landsat/landsat_monthly_1997_01_python_green_mask.tif
Landsat,landsat_monthly_1997_02.tif,GEE_exports_monthly_composites/landsat_monthly_1997_02.tif,1997-02-01,ndvi,0.5,18630,0,0.0,0,,,,False,no valid pixels,python_green_mask_outputs/masks/Landsat/landsat_monthly_1997_02_python_green_mask.tif
Landsat,landsat_monthly_1997_05.tif,GEE_exports_monthly_composites/landsat_monthly_1997_05.tif,1997-05-01,ndvi,0.5,18630,0,0.0,0,,,,False,no valid pixels,python_green_mask_outputs/masks/Landsat/landsat_monthly_1997_05_python_green_mask.tif
Landsat,landsat_monthly_1997_06.tif,GEE_exports_monthly_composites/landsat_monthly_1997_06.tif,1997-06-01,ndvi,0.5,18630,996,5.3462157809983895,996,100.0,0.8245787024497986,0.8279460668563843,False,low valid-pixel percentage,python_green_mask_outputs/masks/Landsat/landsat_monthly_1997_06_python_green_mask.tif
Landsat,landsat_monthly_1997_07.tif,GEE_exports_monthly_composites/landsat_monthly_1997_07.tif,1997-07-01,ndvi,0.5,18630,17785,95.46430488459474,17530,98.56620747821198,0.7482466697692871,0.7710102796554565,True,,python_green_mask_outputs/masks/Landsat/landsat_monthly_1997_07_python_green_mask.tif
Landsat,landsat_monthly_1997_08.tif,GEE_exports_monthly_composites/landsat_monthly_1997_08.tif,1997-08-01,ndvi,0.5,18630,323,1.7337627482555018,323,100.0,0.7284759879112244,0.7380548715591431,False,low valid-pixel percentage,python_green_mask_outputs/masks/Landsat/landsat_monthly_1997_08_python_green_mask.tif
Landsat,landsat_monthly_1997_09.tif,GEE_exports_monthly_composites/landsat_monthly_1997_09.tif,1997-09-01,ndvi,0.5,18630,500,2.6838432635534084,121,24.2,0.39740338921546936,0.3934331238269806,False,low valid-pixel percentage,python_green_mask_outputs/masks/Landsat/landsat_monthly_1997_09_python_green_mask.tif
Landsat,landsat_monthly_1997_10.tif,GEE_exports_monthly_composites/landsat_monthly_1997_10.tif,1997-10-01,ndvi,0.5,18630,18630,100.0,9767,52.42619431025228,0.516943633556366,0.5082259178161621,True,,python_green_mask_outputs/masks/Landsat/landsat_monthly_1997_10_python_green_mask.tif
Landsat,landsat_monthly_1997_11.tif,GEE_exports_monthly_composites/landsat_monthly_1997_11.tif,1997-11-01,ndvi,0.5,18630,5591,30.010735373054214,2168,38.776605258451085,0.4578009247779846,0.4502106010913849,True,,python_green_mask_outputs/masks/Landsat/landsat_monthly_1997_11_python_green_mask.tif
Landsat,landsat_monthly_1998_07.tif,GEE_exports_monthly_composites/landsat_monthly_1998_07.tif,1998-07-01,ndvi,0.5,18630,0,0.0,0,,,,False,no valid pixels,python_green_mask_outputs/masks/Landsat/landsat_monthly_1998_07_python_green_mask.tif
Landsat,landsat_monthly_1998_08.tif,GEE_exports_monthly_composites/landsat_monthly_1998_08.tif,1998-08-01,ndvi,0.5,18630,3151,16.91358024691358,372,11.805775944144717,0.3818751573562622,0.37413060665130615,True,,python_green_mask_outputs/masks/Landsat/landsat_monthly_1998_08_python_green_mask.tif
Landsat,landsat_monthly_1998_09.tif,GEE_exports_monthly_composites/landsat_monthly_1998_09.tif,1998-09-01,ndvi,0.5,18630,13606,73.03274288781535,181,1.3302954578862267,0.2994919419288635,0.2891019582748413,True,,python_green_mask_outputs/masks/Landsat/landsat_monthly_1998_09_python_green_mask.tif
Landsat,landsat_monthly_1998_10.tif,GEE_exports_monthly_composites/landsat_monthly_1998_10.tif,1998-10-01,ndvi,0.5,18630,8537,45.823939881910896,7,0.08199601733630081,0.32231470942497253,0.3220563530921936,True,,python_green_mask_outputs/masks/Landsat/landsat_monthly_1998_10_python_green_mask.tif
Landsat,landsat_monthly_1998_11.tif,GEE_exports_monthly_composites/landsat_monthly_1998_11.tif,1998-11-01,ndvi,0.5,18630,6601,35.4320987654321,1634,24.753825178003332,0.32532715797424316,0.2757754921913147,True,,python_green_mask_outputs/masks/Landsat/landsat_monthly_1998_11_python_green_mask.tif
Landsat,landsat_monthly_1998_12.tif,GEE_exports_monthly_composites/landsat_monthly_1998_12.tif,1998-12-01,ndvi,0.5,18630,8391,45.0402576489533,7352,87.61768561554047,0.6426241993904114,0.6465192437171936,True,,python_green_mask_outputs/masks/Landsat/landsat_monthly_1998_12_python_green_mask.tif
Landsat,landsat_monthly_1999_01.tif,GEE_exports_monthly_composites/landsat_monthly_1999_01.tif,1999-01-01,ndvi,0.5,18630,0,0.0,0,,,,False,no valid pixels,python_green_mask_outputs/masks/Landsat/landsat_monthly_1999_01_python_green_mask.tif
Landsat,landsat_monthly_1999_02.tif,GEE_exports_monthly_composites/landsat_monthly_1999_02.tif,1999-02-01,ndvi,0.5,18630,269,1.4439076757917337,216,80.29739776951673,0.5640116333961487,0.571290135383606,False,low valid-pixel percentage,python_green_mask_outputs/masks/Landsat/landsat_monthly_1999_02_python_green_mask.tif
Landsat,landsat_monthly_1999_03.tif,GEE_exports_monthly_composites/landsat_monthly_1999_03.tif,1999-03-01,ndvi,0.5,18630,15008,80.55823939881911,14396,95.92217484008529,0.7103854417800903,0.7470564842224121,True,,python_green_mask_outputs/masks/Landsat/landsat_monthly_1999_03_python_green_mask.tif
Landsat,landsat_monthly_1999_04.tif,GEE_exports_monthly_composites/landsat_monthly_1999_04.tif,1999-04-01,ndvi,0.5,18630,0,0.0,0,,,,False,no valid pixels,python_green_mask_outputs/masks/Landsat/landsat_monthly_1999_04_python_green_mask.tif
Landsat,landsat_monthly_1999_05.tif,GEE_exports_monthly_composites/landsat_monthly_1999_05.tif,1999-05-01,ndvi,0.5,18630,0,0.0,0,,,,False,no valid pixels,python_green_mask_outputs/masks/Landsat/landsat_monthly_1999_05_python_green_mask.tif
Landsat,landsat_monthly_1999_06.tif,GEE_exports_monthly_composites/landsat_monthly_1999_06.tif,1999-06-01,ndvi,0.5,18630,18411,98.82447665056361,17353,94.25343544620064,0.6901615858078003,0.7181029915809631,True,,python_green_mask_outputs/masks/Landsat/landsat_monthly_1999_06_python_green_mask.tif
Landsat,landsat_monthly_1999_07.tif,GEE_exports_monthly_composites/landsat_monthly_1999_07.tif,1999-07-01,ndvi,0.5,18630,395,2.120236178207193,349,88.35443037974683,0.6621190905570984,0.6723543405532837,False,low valid-pixel percentage,python_green_mask_outputs/masks/Landsat/landsat_monthly_1999_07_python_green_mask.tif
Landsat,landsat_monthly_1999_08.tif,GEE_exports_monthly_composites/landsat_monthly_1999_08.tif,1999-08-01,ndvi,0.5,18630,18630,100.0,17891,96.03327965646807,0.678067147731781,0.6993138790130615,True,,python_green_mask_outputs/masks/Landsat/landsat_monthly_1999_08_python_green_mask.tif
Landsat,landsat_monthly_1999_09.tif,GEE_exports_monthly_composites/landsat_monthly_1999_09.tif,1999-09-01,ndvi,0.5,18630,18630,100.0,15118,81.14868491680086,0.5913388133049011,0.5983808040618896,True,,python_green_mask_outputs/masks/Landsat/landsat_monthly_1999_09_python_green_mask.tif
Landsat,landsat_monthly_1999_10.tif,GEE_exports_monthly_composites/landsat_monthly_1999_10.tif,1999-10-01,ndvi,0.5,18630,0,0.0,0,,,,False,no valid pixels,python_green_mask_outputs/masks/Landsat/landsat_monthly_1999_10_python_green_mask.tif
Landsat,landsat_monthly_1999_11.tif,GEE_exports_monthly_composites/landsat_monthly_1999_11.tif,1999-11-01,ndvi,0.5,18630,2072,11.121846484165324,2058,99.32432432432432,0.7606843113899231,0.7925112247467041,True,,python_green_mask_outputs/masks/Landsat/landsat_monthly_1999_11_python_green_mask.tif
Landsat,landsat_monthly_1999_12.tif,GEE_exports_monthly_composites/landsat_monthly_1999_12.tif,1999-12-01,ndvi,0.5,18630,222,1.1916264090177133,213,95.94594594594595,0.6789406538009644,0.6901382207870483,False,low valid-pixel percentage,python_green_mask_outputs/masks/Landsat/landsat_monthly_1999_12_python_green_mask.tif
Landsat,landsat_monthly_2000_01.tif,GEE_exports_monthly_composites/landsat_monthly_2000_01.tif,2000-01-01,ndvi,0.5,18630,80,0.4294149221685454,80,100.0,0.7147444486618042,0.7196531891822815,False,low valid-pixel percentage,python_green_mask_outputs/masks/Landsat/landsat_monthly_2000_01_python_green_mask.tif
Landsat,landsat_monthly_2000_02.tif,GEE_exports_monthly_composites/landsat_monthly_2000_02.tif,2000-02-01,ndvi,0.5,18630,9824,52.73215244229737,9555,97.26180781758957,0.7309123277664185,0.7585287690162659,True,,python_green_mask_outputs/masks/Landsat/landsat_monthly_2000_02_python_green_mask.tif
Landsat,landsat_monthly_2000_03.tif,GEE_exports_monthly_composites/landsat_monthly_2000_03.tif,2000-03-01,ndvi,0.5,18630,3589,19.264626945786365,3584,99.86068542769574,0.7945008277893066,0.816032886505127,True,,python_green_mask_outputs/masks/Landsat/landsat_monthly_2000_03_python_green_mask.tif
Landsat,landsat_monthly_2000_04.tif,GEE_exports_monthly_composites/landsat_monthly_2000_04.tif,2000-04-01,ndvi,0.5,18630,1654,8.878153515834676,1619,97.8839177750907,0.708443820476532,0.7146837711334229,False,low valid-pixel percentage,python_green_mask_outputs/masks/Landsat/landsat_monthly_2000_04_python_green_mask.tif
Landsat,landsat_monthly_2000_06.tif,GEE_exports_monthly_composites/landsat_monthly_2000_06.tif,2000-06-01,ndvi,0.5,18630,0,0.0,0,,,,False,no valid pixels,python_green_mask_outputs/masks/Landsat/landsat_monthly_2000_06_python_green_mask.tif
Landsat,landsat_monthly_2000_07.tif,GEE_exports_monthly_composites/landsat_monthly_2000_07.tif,2000-07-01,ndvi,0.5,18630,14547,78.08373590982286,10966,75.38324053069361,0.5753510594367981,0.5778450965881348,True,,python_green_mask_outputs/masks/Landsat/landsat_monthly_2000_07_python_green_mask.tif
Landsat,landsat_monthly_2000_08.tif,GEE_exports_monthly_composites/landsat_monthly_2000_08.tif,2000-08-01,ndvi,0.5,18630,91,0.48845947396672035,78,85.71428571428571,0.6340019702911377,0.6533182859420776,False,low valid-pixel percentage,python_green_mask_outputs/masks/Landsat/landsat_monthly_2000_08_python_green_mask.tif
Landsat,landsat_monthly_2000_09.tif,GEE_exports_monthly_composites/landsat_monthly_2000_09.tif,2000-09-01,ndvi,0.5,18630,0,0.0,0,,,,False,no valid pixels,python_green_mask_outputs/masks/Landsat/landsat_monthly_2000_09_python_green_mask.tif
Landsat,landsat_monthly_2000_10.tif,GEE_exports_monthly_composites/landsat_monthly_2000_10.tif,2000-10-01,ndvi,0.5,18630,17611,94.53032742887815,3059,17.36982567713361,0.398602694272995,0.3819664716720581,True,,python_green_mask_outputs/masks/Landsat/landsat_monthly_2000_10_python_green_mask.tif
Landsat,landsat_monthly_2000_11.tif,GEE_exports_monthly_composites/landsat_monthly_2000_11.tif,2000-11-01,ndvi,0.5,18630,4410,23.67149758454106,3905,88.54875283446712,0.6466608047485352,0.6654638648033142,True,,python_green_mask_outputs/masks/Landsat/landsat_monthly_2000_11_python_green_mask.tif
Landsat,landsat_monthly_2000_12.tif,GEE_exports_monthly_composites/landsat_monthly_2000_12.tif,2000-12-01,ndvi,0.5,18630,7425,39.85507246376812,7062,95.11111111111111,0.6288031339645386,0.6211898326873779,True,,python_green_mask_outputs/masks/Landsat/landsat_monthly_2000_12_python_green_mask.tif
Landsat,landsat_monthly_2001_01.tif,GEE_exports_monthly_composites/landsat_monthly_2001_01.tif,2001-01-01,ndvi,0.5,18630,8786,47.160493827160494,8579,97.64397905759162,0.7388685941696167,0.7656059265136719,True,,python_green_mask_outputs/masks/Landsat/landsat_monthly_2001_01_python_green_mask.tif
Landsat,landsat_monthly_2001_02.tif,GEE_exports_monthly_composites/landsat_monthly_2001_02.tif,2001-02-01,ndvi,0.5,18630,16889,90.65485775630704,16076,95.18621588015868,0.7039487957954407,0.7248701453208923,True,,python_green_mask_outputs/masks/Landsat/landsat_monthly_2001_02_python_green_mask.tif
Landsat,landsat_monthly_2001_03.tif,GEE_exports_monthly_composites/landsat_monthly_2001_03.tif,2001-03-01,ndvi,0.5,18630,17125,91.92163177670425,12017,70.17226277372262,0.5792660713195801,0.583652913570404,True,,python_green_mask_outputs/masks/Landsat/landsat_monthly_2001_03_python_green_mask.tif
Landsat,landsat_monthly_2001_04.tif,GEE_exports_monthly_composites/landsat_monthly_2001_04.tif,2001-04-01,ndvi,0.5,18630,18630,100.0,12608,67.67579173376275,0.5688856840133667,0.5860742330551147,True,,python_green_mask_outputs/masks/Landsat/landsat_monthly_2001_04_python_green_mask.tif
Landsat,landsat_monthly_2001_05.tif,GEE_exports_monthly_composites/landsat_monthly_2001_05.tif,2001-05-01,ndvi,0.5,18630,12369,66.39291465378422,7592,61.379254588083114,0.5402161478996277,0.5429573655128479,True,,python_green_mask_outputs/masks/Landsat/landsat_monthly_2001_05_python_green_mask.tif
Landsat,landsat_monthly_2001_06.tif,GEE_exports_monthly_composites/landsat_monthly_2001_06.tif,2001-06-01,ndvi,0.5,18630,3608,19.366612989801396,2476,68.62527716186253,0.5579755306243896,0.5779060125350952,True,,python_green_mask_outputs/masks/Landsat/landsat_monthly_2001_06_python_green_mask.tif
Landsat,landsat_monthly_2001_07.tif,GEE_exports_monthly_composites/landsat_monthly_2001_07.tif,2001-07-01,ndvi,0.5,18630,17925,96.21578099838969,10727,59.843793584379355,0.5300622582435608,0.5370982885360718,True,,python_green_mask_outputs/masks/Landsat/landsat_monthly_2001_07_python_green_mask.tif
Landsat,landsat_monthly_2001_08.tif,GEE_exports_monthly_composites/landsat_monthly_2001_08.tif,2001-08-01,ndvi,0.5,18630,4153,22.292002147074612,1868,44.979532867806405,0.4808812737464905,0.48740553855895996,True,,python_green_mask_outputs/masks/Landsat/landsat_monthly_2001_08_python_green_mask.tif
Landsat,landsat_monthly_2001_09.tif,GEE_exports_monthly_composites/landsat_monthly_2001_09.tif,2001-09-01,ndvi,0.5,18630,18630,100.0,3153,16.924315619967793,0.3981056809425354,0.38173434138298035,True,,python_green_mask_outputs/masks/Landsat/landsat_monthly_2001_09_python_green_mask.tif
Landsat,landsat_monthly_2001_10.tif,GEE_exports_monthly_composites/landsat_monthly_2001_10.tif,2001-10-01,ndvi,0.5,18630,18630,100.0,2009,10.783682232957595,0.36306077241897583,0.3437168002128601,True,,python_green_mask_outputs/masks/Landsat/landsat_monthly_2001_10_python_green_mask.tif
Landsat,landsat_monthly_2001_11.tif,GEE_exports_monthly_composites/landsat_monthly_2001_11.tif,2001-11-01,ndvi,0.5,18630,18630,100.0,8436,45.28180354267311,0.4840526878833771,0.48452818393707275,True,,python_green_mask_outputs/masks/Landsat/landsat_monthly_2001_11_python_green_mask.tif
Landsat,landsat_monthly_2001_12.tif,GEE_exports_monthly_composites/landsat_monthly_2001_12.tif,2001-12-01,ndvi,0.5,18630,15667,84.0955448201825,12357,78.87278994063956,0.606819748878479,0.6293954253196716,True,,python_green_mask_outputs/masks/Landsat/landsat_monthly_2001_12_python_green_mask.tif
Landsat,landsat_monthly_2002_01.tif,GEE_exports_monthly_composites/landsat_monthly_2002_01.tif,2002-01-01,ndvi,0.5,18630,2662,14.288781535158346,2613,98.15927873779114,0.6738165020942688,0.6957894563674927,True,,python_green_mask_outputs/masks/Landsat/landsat_monthly_2002_01_python_green_mask.tif
Landsat,landsat_monthly_2002_02.tif,GEE_exports_monthly_composites/landsat_monthly_2002_02.tif,2002-02-01,ndvi,0.5,18630,14404,77.31615673644659,14004,97.2229936128853,0.7367845177650452,0.7674206495285034,True,,python_green_mask_outputs/masks/Landsat/landsat_monthly_2002_02_python_green_mask.tif
Landsat,landsat_monthly_2002_03.tif,GEE_exports_monthly_composites/landsat_monthly_2002_03.tif,2002-03-01,ndvi,0.5,18630,5882,31.5727321524423,5588,95.00170010200613,0.7244561910629272,0.7664802670478821,True,,python_green_mask_outputs/masks/Landsat/landsat_monthly_2002_03_python_green_mask.tif
Landsat,landsat_monthly_2002_04.tif,GEE_exports_monthly_composites/landsat_monthly_2002_04.tif,2002-04-01,ndvi,0.5,18630,5874,31.529790660225444,5636,95.94824651004426,0.7196913361549377,0.7386194467544556,True,,python_green_mask_outputs/masks/Landsat/landsat_monthly_2002_04_python_green_mask.tif
Landsat,landsat_monthly_2002_05.tif,GEE_exports_monthly_composites/landsat_monthly_2002_05.tif,2002-05-01,ndvi,0.5,18630,18630,100.0,17070,91.62640901771337,0.6849014759063721,0.7123605608940125,True,,python_green_mask_outputs/masks/Landsat/landsat_monthly_2002_05_python_green_mask.tif
Landsat,landsat_monthly_2002_06.tif,GEE_exports_monthly_composites/landsat_monthly_2002_06.tif,2002-06-01,ndvi,0.5,18630,0,0.0,0,,,,False,no valid pixels,python_green_mask_outputs/masks/Landsat/landsat_monthly_2002_06_python_green_mask.tif
Landsat,landsat_monthly_2002_07.tif,GEE_exports_monthly_composites/landsat_monthly_2002_07.tif,2002-07-01,ndvi,0.5,18630,0,0.0,0,,,,False,no valid pixels,python_green_mask_outputs/masks/Landsat/landsat_monthly_2002_07_python_green_mask.tif
Landsat,landsat_monthly_2002_08.tif,GEE_exports_monthly_composites/landsat_monthly_2002_08.tif,2002-08-01,ndvi,0.5,18630,17396,93.37627482555018,11371,65.36560128765234,0.5492869019508362,0.5471729040145874,True,,python_green_mask_outputs/masks/Landsat/landsat_monthly_2002_08_python_green_mask.tif
Landsat,landsat_monthly_2002_09.tif,GEE_exports_monthly_composites/landsat_monthly_2002_09.tif,2002-09-01,ndvi,0.5,18630,18630,100.0,3037,16.301663982823403,0.4062651991844177,0.39269909262657166,True,,python_green_mask_outputs/masks/Landsat/landsat_monthly_2002_09_python_green_mask.tif
Landsat,landsat_monthly_2002_10.tif,GEE_exports_monthly_composites/landsat_monthly_2002_10.tif,2002-10-01,ndvi,0.5,18630,8560,45.94739667203435,6220,72.66355140186916,0.5578590631484985,0.5682973861694336,True,,python_green_mask_outputs/masks/Landsat/landsat_monthly_2002_10_python_green_mask.tif
Landsat,landsat_monthly_2002_11.tif,GEE_exports_monthly_composites/landsat_monthly_2002_11.tif,2002-11-01,ndvi,0.5,18630,17987,96.54857756307031,8834,49.1132484572191,0.4913789629936218,0.4969485104084015,True,,python_green_mask_outputs/masks/Landsat/landsat_monthly_2002_11_python_green_mask.tif
Landsat,landsat_monthly_2002_12.tif,GEE_exports_monthly_composites/landsat_monthly_2002_12.tif,2002-12-01,ndvi,0.5,18630,5130,27.536231884057973,4222,82.30019493177387,0.5691483616828918,0.5908106565475464,True,,python_green_mask_outputs/masks/Landsat/landsat_monthly_2002_12_python_green_mask.tif
Landsat,landsat_monthly_2003_01.tif,GEE_exports_monthly_composites/landsat_monthly_2003_01.tif,2003-01-01,ndvi,0.5,18630,18630,100.0,18056,96.91894793344069,0.7393472790718079,0.7763043642044067,True,,python_green_mask_outputs/masks/Landsat/landsat_monthly_2003_01_python_green_mask.tif
Landsat,landsat_monthly_2003_02.tif,GEE_exports_monthly_composites/landsat_monthly_2003_02.tif,2003-02-01,ndvi,0.5,18630,0,0.0,0,,,,False,no valid pixels,python_green_mask_outputs/masks/Landsat/landsat_monthly_2003_02_python_green_mask.tif
Landsat,landsat_monthly_2003_03.tif,GEE_exports_monthly_composites/landsat_monthly_2003_03.tif,2003-03-01,ndvi,0.5,18630,4574,24.55179817498658,3185,69.63270660253608,0.5736687779426575,0.5887042880058289,True,,python_green_mask_outputs/masks/Landsat/landsat_monthly_2003_03_python_green_mask.tif
Landsat,landsat_monthly_2003_04.tif,GEE_exports_monthly_composites/landsat_monthly_2003_04.tif,2003-04-01,ndvi,0.5,18630,4662,25.02415458937198,3549,76.12612612612612,0.5806810855865479,0.6092658042907715,True,,python_green_mask_outputs/masks/Landsat/landsat_monthly_2003_04_python_green_mask.tif
Landsat,landsat_monthly_2003_05.tif,GEE_exports_monthly_composites/landsat_monthly_2003_05.tif,2003-05-01,ndvi,0.5,18630,0,0.0,0,,,,False,no valid pixels,python_green_mask_outputs/masks/Landsat/landsat_monthly_2003_05_python_green_mask.tif
Landsat,landsat_monthly_2003_07.tif,GEE_exports_monthly_composites/landsat_monthly_2003_07.tif,2003-07-01,ndvi,0.5,18630,0,0.0,0,,,,False,no valid pixels,python_green_mask_outputs/masks/Landsat/landsat_monthly_2003_07_python_green_mask.tif
Landsat,landsat_monthly_2003_08.tif,GEE_exports_monthly_composites/landsat_monthly_2003_08.tif,2003-08-01,ndvi,0.5,18630,12328,66.17283950617283,6635,53.820571057754705,0.5189443230628967,0.5171061754226685,True,,python_green_mask_outputs/masks/Landsat/landsat_monthly_2003_08_python_green_mask.tif
Landsat,landsat_monthly_2003_09.tif,GEE_exports_monthly_composites/landsat_monthly_2003_09.tif,2003-09-01,ndvi,0.5,18630,12546,67.34299516908213,4101,32.68770923003348,0.4480287432670593,0.43702876567840576,True,,python_green_mask_outputs/masks/Landsat/landsat_monthly_2003_09_python_green_mask.tif
Landsat,landsat_monthly_2003_10.tif,GEE_exports_monthly_composites/landsat_monthly_2003_10.tif,2003-10-01,ndvi,0.5,18630,16991,91.20236178207193,1576,9.275498793478901,0.3400368392467499,0.32259753346443176,True,,python_green_mask_outputs/masks/Landsat/landsat_monthly_2003_10_python_green_mask.tif
Landsat,landsat_monthly_2003_11.tif,GEE_exports_monthly_composites/landsat_monthly_2003_11.tif,2003-11-01,ndvi,0.5,18630,5800,31.132581857219538,219,3.7758620689655173,0.2904834449291229,0.2736949324607849,True,,python_green_mask_outputs/masks/Landsat/landsat_monthly_2003_11_python_green_mask.tif
Landsat,landsat_monthly_2003_12.tif,GEE_exports_monthly_composites/landsat_monthly_2003_12.tif,2003-12-01,ndvi,0.5,18630,18630,100.0,473,2.5389157273215246,0.3034592568874359,0.29093289375305176,True,,python_green_mask_outputs/masks/Landsat/landsat_monthly_2003_12_python_green_mask.tif
Landsat,landsat_monthly_2004_01.tif,GEE_exports_monthly_composites/landsat_monthly_2004_01.tif,2004-01-01,ndvi,0.5,18630,16217,87.04777241009126,45,0.2774865881482395,0.28985995054244995,0.27797043323516846,True,,python_green_mask_outputs/masks/Landsat/landsat_monthly_2004_01_python_green_mask.tif
Landsat,landsat_monthly_2004_02.tif,GEE_exports_monthly_composites/landsat_monthly_2004_02.tif,2004-02-01,ndvi,0.5,18630,3693,19.822866344605476,3534,95.69455727051178,0.7178804874420166,0.7579343318939209,True,,python_green_mask_outputs/masks/Landsat/landsat_monthly_2004_02_python_green_mask.tif
Landsat,landsat_monthly_2004_03.tif,GEE_exports_monthly_composites/landsat_monthly_2004_03.tif,2004-03-01,ndvi,0.5,18630,3723,19.98389694041868,3697,99.30163846360462,0.7668317556381226,0.7839235067367554,True,,python_green_mask_outputs/masks/Landsat/landsat_monthly_2004_03_python_green_mask.tif
Landsat,landsat_monthly_2004_04.tif,GEE_exports_monthly_composites/landsat_monthly_2004_04.tif,2004-04-01,ndvi,0.5,18630,4168,22.372517444981213,3907,93.73800383877159,0.6954219341278076,0.7249090671539307,True,,python_green_mask_outputs/masks/Landsat/landsat_monthly_2004_04_python_green_mask.tif
Landsat,landsat_monthly_2004_05.tif,GEE_exports_monthly_composites/landsat_monthly_2004_05.tif,2004-05-01,ndvi,0.5,18630,3434,18.43263553408481,3034,88.351776354106,0.6659795641899109,0.705331563949585,True,,python_green_mask_outputs/masks/Landsat/landsat_monthly_2004_05_python_green_mask.tif
Landsat,landsat_monthly_2004_06.tif,GEE_exports_monthly_composites/landsat_monthly_2004_06.tif,2004-06-01,ndvi,0.5,18630,3959,21.25067096081589,3716,93.86208638545087,0.7305538654327393,0.7608898878097534,True,,python_green_mask_outputs/masks/Landsat/landsat_monthly_2004_06_python_green_mask.tif
Landsat,landsat_monthly_2004_07.tif,GEE_exports_monthly_composites/landsat_monthly_2004_07.tif,2004-07-01,ndvi,0.5,18630,7154,38.400429414922165,6682,93.40229242381885,0.6728260517120361,0.6911421418190002,True,,python_green_mask_outputs/masks/Landsat/landsat_monthly_2004_07_python_green_mask.tif
Landsat,landsat_monthly_2004_08.tif,GEE_exports_monthly_composites/landsat_monthly_2004_08.tif,2004-08-01,ndvi,0.5,18630,18395,98.7385936661299,14387,78.21147050829029,0.5972957015037537,0.6095119118690491,True,,python_green_mask_outputs/masks/Landsat/landsat_monthly_2004_08_python_green_mask.tif
Landsat,landsat_monthly_2004_09.tif,GEE_exports_monthly_composites/landsat_monthly_2004_09.tif,2004-09-01,ndvi,0.5,18630,4688,25.16371443907676,1348,28.754266211604097,0.4383190870285034,0.42935311794281006,True,,python_green_mask_outputs/masks/Landsat/landsat_monthly_2004_09_python_green_mask.tif
Landsat,landsat_monthly_2004_10.tif,GEE_exports_monthly_composites/landsat_monthly_2004_10.tif,2004-10-01,ndvi,0.5,18630,11628,62.41545893719807,1838,15.806673546611627,0.3744063675403595,0.3524949550628662,True,,python_green_mask_outputs/masks/Landsat/landsat_monthly_2004_10_python_green_mask.tif
Landsat,landsat_monthly_2004_11.tif,GEE_exports_monthly_composites/landsat_monthly_2004_11.tif,2004-11-01,ndvi,0.5,18630,5320,28.556092324208265,354,6.654135338345864,0.3505728542804718,0.3468365967273712,True,,python_green_mask_outputs/masks/Landsat/landsat_monthly_2004_11_python_green_mask.tif
Landsat,landsat_monthly_2004_12.tif,GEE_exports_monthly_composites/landsat_monthly_2004_12.tif,2004-12-01,ndvi,0.5,18630,12239,65.69511540526034,11637,95.08129749162514,0.7259873747825623,0.7579892873764038,True,,python_green_mask_outputs/masks/Landsat/landsat_monthly_2004_12_python_green_mask.tif
Landsat,landsat_monthly_2005_01.tif,GEE_exports_monthly_composites/landsat_monthly_2005_01.tif,2005-01-01,ndvi,0.5,18630,18630,100.0,16896,90.69243156199678,0.6553730368614197,0.6796181797981262,True,,python_green_mask_outputs/masks/Landsat/landsat_monthly_2005_01_python_green_mask.tif
Landsat,landsat_monthly_2005_02.tif,GEE_exports_monthly_composites/landsat_monthly_2005_02.tif,2005-02-01,ndvi,0.5,18630,9130,49.00697799248524,8670,94.96166484118291,0.6923154592514038,0.7124113440513611,True,,python_green_mask_outputs/masks/Landsat/landsat_monthly_2005_02_python_green_mask.tif
Landsat,landsat_monthly_2005_03.tif,GEE_exports_monthly_composites/landsat_monthly_2005_03.tif,2005-03-01,ndvi,0.5,18630,1166,6.258722490606549,1148,98.45626072041166,0.7617772221565247,0.7799633145332336,False,low valid-pixel percentage,python_green_mask_outputs/masks/Landsat/landsat_monthly_2005_03_python_green_mask.tif
Landsat,landsat_monthly_2005_04.tif,GEE_exports_monthly_composites/landsat_monthly_2005_04.tif,2005-04-01,ndvi,0.5,18630,6104,32.764358561460014,5954,97.54259501965925,0.7313368320465088,0.7602331638336182,True,,python_green_mask_outputs/masks/Landsat/landsat_monthly_2005_04_python_green_mask.tif
Landsat,landsat_monthly_2005_05.tif,GEE_exports_monthly_composites/landsat_monthly_2005_05.tif,2005-05-01,ndvi,0.5,18630,13771,73.91841116478798,11300,82.05649553409339,0.6007813811302185,0.6172009706497192,True,,python_green_mask_outputs/masks/Landsat/landsat_monthly_2005_05_python_green_mask.tif
Landsat,landsat_monthly_2005_06.tif,GEE_exports_monthly_composites/landsat_monthly_2005_06.tif,2005-06-01,ndvi,0.5,18630,18630,100.0,17409,93.44605475040258,0.6696280241012573,0.6928565502166748,True,,python_green_mask_outputs/masks/Landsat/landsat_monthly_2005_06_python_green_mask.tif
Landsat,landsat_monthly_2005_07.tif,GEE_exports_monthly_composites/landsat_monthly_2005_07.tif,2005-07-01,ndvi,0.5,18630,8866,47.58990874932904,8320,93.841642228739,0.647533655166626,0.6646209955215454,True,,python_green_mask_outputs/masks/Landsat/landsat_monthly_2005_07_python_green_mask.tif
Landsat,landsat_monthly_2005_08.tif,GEE_exports_monthly_composites/landsat_monthly_2005_08.tif,2005-08-01,ndvi,0.5,18630,5022,26.956521739130434,4618,91.95539625647153,0.6495640873908997,0.6477153301239014,True,,python_green_mask_outputs/masks/Landsat/landsat_monthly_2005_08_python_green_mask.tif
Landsat,landsat_monthly_2005_09.tif,GEE_exports_monthly_composites/landsat_monthly_2005_09.tif,2005-09-01,ndvi,0.5,18630,0,0.0,0,,,,False,no valid pixels,python_green_mask_outputs/masks/Landsat/landsat_monthly_2005_09_python_green_mask.tif
Landsat,landsat_monthly_2005_10.tif,GEE_exports_monthly_composites/landsat_monthly_2005_10.tif,2005-10-01,ndvi,0.5,18630,18630,100.0,2429,13.038110574342458,0.37579572200775146,0.35751640796661377,True,,python_green_mask_outputs/masks/Landsat/landsat_monthly_2005_10_python_green_mask.tif
Landsat,landsat_monthly_2005_11.tif,GEE_exports_monthly_composites/landsat_monthly_2005_11.tif,2005-11-01,ndvi,0.5,18630,121,0.6494900697799249,0,0.0,0.17482052743434906,0.18722550570964813,False,low valid-pixel percentage,python_green_mask_outputs/masks/Landsat/landsat_monthly_2005_11_python_green_mask.tif
Landsat,landsat_monthly_2005_12.tif,GEE_exports_monthly_composites/landsat_monthly_2005_12.tif,2005-12-01,ndvi,0.5,18630,7699,41.32581857219538,3740,48.577737368489416,0.5415161848068237,0.49020829796791077,True,,python_green_mask_outputs/masks/Landsat/landsat_monthly_2005_12_python_green_mask.tif
Landsat,landsat_monthly_2006_01.tif,GEE_exports_monthly_composites/landsat_monthly_2006_01.tif,2006-01-01,ndvi,0.5,18630,1313,7.047772410091251,707,53.84615384615385,0.5045965313911438,0.5112608671188354,False,low valid-pixel percentage,python_green_mask_outputs/masks/Landsat/landsat_monthly_2006_01_python_green_mask.tif
Landsat,landsat_monthly_2006_02.tif,GEE_exports_monthly_composites/landsat_monthly_2006_02.tif,2006-02-01,ndvi,0.5,18630,9784,52.517444981213096,5696,58.21749795584628,0.5123798847198486,0.5366623997688293,True,,python_green_mask_outputs/masks/Landsat/landsat_monthly_2006_02_python_green_mask.tif
Landsat,landsat_monthly_2006_03.tif,GEE_exports_monthly_composites/landsat_monthly_2006_03.tif,2006-03-01,ndvi,0.5,18630,18630,100.0,9449,50.71926999463231,0.48530659079551697,0.5023629665374756,True,,python_green_mask_outputs/masks/Landsat/landsat_monthly_2006_03_python_green_mask.tif
Landsat,landsat_monthly_2006_04.tif,GEE_exports_monthly_composites/landsat_monthly_2006_04.tif,2006-04-01,ndvi,0.5,18630,0,0.0,0,,,,False,no valid pixels,python_green_mask_outputs/masks/Landsat/landsat_monthly_2006_04_python_green_mask.tif
Landsat,landsat_monthly_2006_05.tif,GEE_exports_monthly_composites/landsat_monthly_2006_05.tif,2006-05-01,ndvi,0.5,18630,9212,49.447128287708,8901,96.62396873643074,0.7051460146903992,0.7367157936096191,True,,python_green_mask_outputs/masks/Landsat/landsat_monthly_2006_05_python_green_mask.tif
Landsat,landsat_monthly_2006_06.tif,GEE_exports_monthly_composites/landsat_monthly_2006_06.tif,2006-06-01,ndvi,0.5,18630,7354,39.47396672034353,6934,94.28882240957302,0.6826134920120239,0.7121046781539917,True,,python_green_mask_outputs/masks/Landsat/landsat_monthly_2006_06_python_green_mask.tif
Landsat,landsat_monthly_2006_07.tif,GEE_exports_monthly_composites/landsat_monthly_2006_07.tif,2006-07-01,ndvi,0.5,18630,4999,26.833064949006978,4665,93.31866373274654,0.6436519026756287,0.6664407849311829,True,,python_green_mask_outputs/masks/Landsat/landsat_monthly_2006_07_python_green_mask.tif
Landsat,landsat_monthly_2006_08.tif,GEE_exports_monthly_composites/landsat_monthly_2006_08.tif,2006-08-01,ndvi,0.5,18630,106,0.5689747718733226,40,37.735849056603776,0.46902400255203247,0.46744614839553833,False,low valid-pixel percentage,python_green_mask_outputs/masks/Landsat/landsat_monthly_2006_08_python_green_mask.tif
Landsat,landsat_monthly_2006_09.tif,GEE_exports_monthly_composites/landsat_monthly_2006_09.tif,2006-09-01,ndvi,0.5,18630,14558,78.14278046162104,5844,40.14287676878692,0.47151854634284973,0.4670736789703369,True,,python_green_mask_outputs/masks/Landsat/landsat_monthly_2006_09_python_green_mask.tif
Landsat,landsat_monthly_2006_10.tif,GEE_exports_monthly_composites/landsat_monthly_2006_10.tif,2006-10-01,ndvi,0.5,18630,722,3.8754696725711217,7,0.9695290858725761,0.309646874666214,0.30223819613456726,False,low valid-pixel percentage,python_green_mask_outputs/masks/Landsat/landsat_monthly_2006_10_python_green_mask.tif
Landsat,landsat_monthly_2006_11.tif,GEE_exports_monthly_composites/landsat_monthly_2006_11.tif,2006-11-01,ndvi,0.5,18630,985,5.287171229200215,808,82.03045685279187,0.6141538023948669,0.5945536494255066,False,low valid-pixel percentage,python_green_mask_outputs/masks/Landsat/landsat_monthly_2006_11_python_green_mask.tif
Landsat,landsat_monthly_2006_12.tif,GEE_exports_monthly_composites/landsat_monthly_2006_12.tif,2006-12-01,ndvi,0.5,18630,18630,100.0,18247,97.9441760601181,0.757821261882782,0.7854213714599609,True,,python_green_mask_outputs/masks/Landsat/landsat_monthly_2006_12_python_green_mask.tif
Landsat,landsat_monthly_2007_01.tif,GEE_exports_monthly_composites/landsat_monthly_2007_01.tif,2007-01-01,ndvi,0.5,18630,18630,100.0,18102,97.1658615136876,0.7098233103752136,0.7368239164352417,True,,python_green_mask_outputs/masks/Landsat/landsat_monthly_2007_01_python_green_mask.tif
Landsat,landsat_monthly_2007_02.tif,GEE_exports_monthly_composites/landsat_monthly_2007_02.tif,2007-02-01,ndvi,0.5,18630,0,0.0,0,,,,False,no valid pixels,python_green_mask_outputs/masks/Landsat/landsat_monthly_2007_02_python_green_mask.tif
Landsat,landsat_monthly_2007_03.tif,GEE_exports_monthly_composites/landsat_monthly_2007_03.tif,2007-03-01,ndvi,0.5,18630,6967,37.396672034353195,6892,98.92349648342184,0.7795141339302063,0.8013029098510742,True,,python_green_mask_outputs/masks/Landsat/landsat_monthly_2007_03_python_green_mask.tif
Landsat,landsat_monthly_2007_04.tif,GEE_exports_monthly_composites/landsat_monthly_2007_04.tif,2007-04-01,ndvi,0.5,18630,18630,100.0,18294,98.19645732689212,0.7468241453170776,0.7758513689041138,True,,python_green_mask_outputs/masks/Landsat/landsat_monthly_2007_04_python_green_mask.tif
Landsat,landsat_monthly_2007_05.tif,GEE_exports_monthly_composites/landsat_monthly_2007_05.tif,2007-05-01,ndvi,0.5,18630,18630,100.0,17837,95.74342458400429,0.6865965723991394,0.702284574508667,True,,python_green_mask_outputs/masks/Landsat/landsat_monthly_2007_05_python_green_mask.tif
Landsat,landsat_monthly_2007_06.tif,GEE_exports_monthly_composites/landsat_monthly_2007_06.tif,2007-06-01,ndvi,0.5,18630,11206,60.15029522275899,10222,91.21898982687846,0.6489360332489014,0.6642247438430786,True,,python_green_mask_outputs/masks/Landsat/landsat_monthly_2007_06_python_green_mask.tif
Landsat,landsat_monthly_2007_07.tif,GEE_exports_monthly_composites/landsat_monthly_2007_07.tif,2007-07-01,ndvi,0.5,18630,5014,26.91358024691358,4200,83.7654567211807,0.5836856961250305,0.596390962600708,True,,python_green_mask_outputs/masks/Landsat/landsat_monthly_2007_07_python_green_mask.tif
Landsat,landsat_monthly_2007_08.tif,GEE_exports_monthly_composites/landsat_monthly_2007_08.tif,2007-08-01,ndvi,0.5,18630,13888,74.54643048845948,8564,61.664746543778804,0.5263949036598206,0.521690845489502,True,,python_green_mask_outputs/masks/Landsat/landsat_monthly_2007_08_python_green_mask.tif
Landsat,landsat_monthly_2007_09.tif,GEE_exports_monthly_composites/landsat_monthly_2007_09.tif,2007-09-01,ndvi,0.5,18630,8157,43.7842190016103,5813,71.26394507784725,0.5462142825126648,0.5447974801063538,True,,python_green_mask_outputs/masks/Landsat/landsat_monthly_2007_09_python_green_mask.tif
Landsat,landsat_monthly_2007_10.tif,GEE_exports_monthly_composites/landsat_monthly_2007_10.tif,2007-10-01,ndvi,0.5,18630,1,0.005367686527106817,0,0.0,0.20740364491939545,0.20740364491939545,False,low valid-pixel percentage,python_green_mask_outputs/masks/Landsat/landsat_monthly_2007_10_python_green_mask.tif
Landsat,landsat_monthly_2007_11.tif,GEE_exports_monthly_composites/landsat_monthly_2007_11.tif,2007-11-01,ndvi,0.5,18630,913,4.9006977992485234,76,8.32420591456736,0.35118016600608826,0.33920758962631226,False,low valid-pixel percentage,python_green_mask_outputs/masks/Landsat/landsat_monthly_2007_11_python_green_mask.tif
Landsat,landsat_monthly_2008_01.tif,GEE_exports_monthly_composites/landsat_monthly_2008_01.tif,2008-01-01,ndvi,0.5,18630,6624,35.55555555555556,6331,95.57669082125604,0.7231478691101074,0.7478285431861877,True,,python_green_mask_outputs/masks/Landsat/landsat_monthly_2008_01_python_green_mask.tif
Landsat,landsat_monthly_2008_02.tif,GEE_exports_monthly_composites/landsat_monthly_2008_02.tif,2008-02-01,ndvi,0.5,18630,16183,86.86527106816962,14138,87.36328245689921,0.6832382678985596,0.7115939855575562,True,,python_green_mask_outputs/masks/Landsat/landsat_monthly_2008_02_python_green_mask.tif
Landsat,landsat_monthly_2008_03.tif,GEE_exports_monthly_composites/landsat_monthly_2008_03.tif,2008-03-01,ndvi,0.5,18630,3845,20.638754696725712,3793,98.64759427828349,0.7706099152565002,0.7877663969993591,True,,python_green_mask_outputs/masks/Landsat/landsat_monthly_2008_03_python_green_mask.tif
Landsat,landsat_monthly_2008_04.tif,GEE_exports_monthly_composites/landsat_monthly_2008_04.tif,2008-04-01,ndvi,0.5,18630,17583,94.38003220611917,14291,81.27737018711255,0.6482782959938049,0.7127161622047424,True,,python_green_mask_outputs/masks/Landsat/landsat_monthly_2008_04_python_green_mask.tif
Landsat,landsat_monthly_2008_05.tif,GEE_exports_monthly_composites/landsat_monthly_2008_05.tif,2008-05-01,ndvi,0.5,18630,18630,100.0,14794,79.40955448201825,0.6061034202575684,0.6233578324317932,True,,python_green_mask_outputs/masks/Landsat/landsat_monthly_2008_05_python_green_mask.tif
Landsat,landsat_monthly_2008_06.tif,GEE_exports_monthly_composites/landsat_monthly_2008_06.tif,2008-06-01,ndvi,0.5,18630,10164,54.55716586151369,5888,57.929948839039746,0.5160180926322937,0.5216249227523804,True,,python_green_mask_outputs/masks/Landsat/landsat_monthly_2008_06_python_green_mask.tif
Landsat,landsat_monthly_2008_07.tif,GEE_exports_monthly_composites/landsat_monthly_2008_07.tif,2008-07-01,ndvi,0.5,18630,5723,30.719269994632313,4704,82.19465315394024,0.5946870446205139,0.5959876179695129,True,,python_green_mask_outputs/masks/Landsat/landsat_monthly_2008_07_python_green_mask.tif
Landsat,landsat_monthly_2008_08.tif,GEE_exports_monthly_composites/landsat_monthly_2008_08.tif,2008-08-01,ndvi,0.5,18630,18630,100.0,10410,55.87761674718197,0.5183508992195129,0.5171815156936646,True,,python_green_mask_outputs/masks/Landsat/landsat_monthly_2008_08_python_green_mask.tif
Landsat,landsat_monthly_2008_09.tif,GEE_exports_monthly_composites/landsat_monthly_2008_09.tif,2008-09-01,ndvi,0.5,18630,17517,94.02576489533011,5812,33.1791973511446,0.4518541395664215,0.4460231363773346,True,,python_green_mask_outputs/masks/Landsat/landsat_monthly_2008_09_python_green_mask.tif
Landsat,landsat_monthly_2008_10.tif,GEE_exports_monthly_composites/landsat_monthly_2008_10.tif,2008-10-01,ndvi,0.5,18630,18630,100.0,1875,10.064412238325282,0.35250821709632874,0.33318930864334106,True,,python_green_mask_outputs/masks/Landsat/landsat_monthly_2008_10_python_green_mask.tif
Landsat,landsat_monthly_2008_11.tif,GEE_exports_monthly_composites/landsat_monthly_2008_11.tif,2008-11-01,ndvi,0.5,18630,16319,87.59527643585615,172,1.0539861511122004,0.2922000288963318,0.2809256315231323,True,,python_green_mask_outputs/masks/Landsat/landsat_monthly_2008_11_python_green_mask.tif
Landsat,landsat_monthly_2008_12.tif,GEE_exports_monthly_composites/landsat_monthly_2008_12.tif,2008-12-01,ndvi,0.5,18630,18629,99.99463231347289,13433,72.10800365022277,0.530809223651886,0.5383474826812744,True,,python_green_mask_outputs/masks/Landsat/landsat_monthly_2008_12_python_green_mask.tif
Landsat,landsat_monthly_2009_01.tif,GEE_exports_monthly_composites/landsat_monthly_2009_01.tif,2009-01-01,ndvi,0.5,18630,10905,58.53462157809984,10659,97.74415405777167,0.7682598829269409,0.7965431213378906,True,,python_green_mask_outputs/masks/Landsat/landsat_monthly_2009_01_python_green_mask.tif
Landsat,landsat_monthly_2009_02.tif,GEE_exports_monthly_composites/landsat_monthly_2009_02.tif,2009-02-01,ndvi,0.5,18630,3171,17.020933977455716,2750,86.72343109429202,0.6336740255355835,0.6546669006347656,True,,python_green_mask_outputs/masks/Landsat/landsat_monthly_2009_02_python_green_mask.tif
Landsat,landsat_monthly_2009_03.tif,GEE_exports_monthly_composites/landsat_monthly_2009_03.tif,2009-03-01,ndvi,0.5,18630,9074,48.70638754696726,3656,40.29094115054001,0.4686243534088135,0.4710954427719116,True,,python_green_mask_outputs/masks/Landsat/landsat_monthly_2009_03_python_green_mask.tif
Landsat,landsat_monthly_2009_04.tif,GEE_exports_monthly_composites/landsat_monthly_2009_04.tif,2009-04-01,ndvi,0.5,18630,4605,24.718196457326894,3903,84.7557003257329,0.5892189741134644,0.6139939427375793,True,,python_green_mask_outputs/masks/Landsat/landsat_monthly_2009_04_python_green_mask.tif
Landsat,landsat_monthly_2009_05.tif,GEE_exports_monthly_composites/landsat_monthly_2009_05.tif,2009-05-01,ndvi,0.5,18630,11962,64.20826623725175,10842,90.63701722120047,0.6767140030860901,0.7102543115615845,True,,python_green_mask_outputs/masks/Landsat/landsat_monthly_2009_05_python_green_mask.tif
Landsat,landsat_monthly_2009_06.tif,GEE_exports_monthly_composites/landsat_monthly_2009_06.tif,2009-06-01,ndvi,0.5,18630,12887,69.17337627482556,11786,91.45650655699542,0.6276334524154663,0.6368401050567627,True,,python_green_mask_outputs/masks/Landsat/landsat_monthly_2009_06_python_green_mask.tif
Landsat,landsat_monthly_2009_07.tif,GEE_exports_monthly_composites/landsat_monthly_2009_07.tif,2009-07-01,ndvi,0.5,18630,12836,68.8996242619431,10608,82.64256777812403,0.6091864705085754,0.6146888732910156,True,,python_green_mask_outputs/masks/Landsat/landsat_monthly_2009_07_python_green_mask.tif
Landsat,landsat_monthly_2009_08.tif,GEE_exports_monthly_composites/landsat_monthly_2009_08.tif,2009-08-01,ndvi,0.5,18630,8237,44.21363392377885,3182,38.63056938205657,0.46655482053756714,0.4661061465740204,True,,python_green_mask_outputs/masks/Landsat/landsat_monthly_2009_08_python_green_mask.tif
Landsat,landsat_monthly_2009_09.tif,GEE_exports_monthly_composites/landsat_monthly_2009_09.tif,2009-09-01,ndvi,0.5,18630,5274,28.309178743961354,532,10.087220326128175,0.3562440276145935,0.34521472454071045,True,,python_green_mask_outputs/masks/Landsat/landsat_monthly_2009_09_python_green_mask.tif
Landsat,landsat_monthly_2009_10.tif,GEE_exports_monthly_composites/landsat_monthly_2009_10.tif,2009-10-01,ndvi,0.5,18630,12775,68.57219538378959,2172,17.001956947162427,0.403749018907547,0.3900560736656189,True,,python_green_mask_outputs/masks/Landsat/landsat_monthly_2009_10_python_green_mask.tif
Landsat,landsat_monthly_2009_11.tif,GEE_exports_monthly_composites/landsat_monthly_2009_11.tif,2009-11-01,ndvi,0.5,18630,14964,80.3220611916264,13288,88.79978615343491,0.6406511068344116,0.6405264139175415,True,,python_green_mask_outputs/masks/Landsat/landsat_monthly_2009_11_python_green_mask.tif
Landsat,landsat_monthly_2009_12.tif,GEE_exports_monthly_composites/landsat_monthly_2009_12.tif,2009-12-01,ndvi,0.5,18630,14347,77.01019860440151,10096,70.37011221858228,0.5853338837623596,0.6005915403366089,True,,python_green_mask_outputs/masks/Landsat/landsat_monthly_2009_12_python_green_mask.tif
Landsat,landsat_monthly_2010_01.tif,GEE_exports_monthly_composites/landsat_monthly_2010_01.tif,2010-01-01,ndvi,0.5,18630,9458,50.76757917337628,6686,70.69147811376612,0.5776025652885437,0.5880258083343506,True,,python_green_mask_outputs/masks/Landsat/landsat_monthly_2010_01_python_green_mask.tif
Landsat,landsat_monthly_2010_02.tif,GEE_exports_monthly_composites/landsat_monthly_2010_02.tif,2010-02-01,ndvi,0.5,18630,7893,42.367149758454104,4090,51.81806664132776,0.5035017132759094,0.5117324590682983,True,,python_green_mask_outputs/masks/Landsat/landsat_monthly_2010_02_python_green_mask.tif
Landsat,landsat_monthly_2010_03.tif,GEE_exports_monthly_composites/landsat_monthly_2010_03.tif,2010-03-01,ndvi,0.5,18630,27,0.14492753623188406,26,96.29629629629629,0.5645893812179565,0.5649762749671936,False,low valid-pixel percentage,python_green_mask_outputs/masks/Landsat/landsat_monthly_2010_03_python_green_mask.tif
Landsat,landsat_monthly_2010_04.tif,GEE_exports_monthly_composites/landsat_monthly_2010_04.tif,2010-04-01,ndvi,0.5,18630,9854,52.89318303811057,9656,97.99066368987214,0.7542713284492493,0.7817219495773315,True,,python_green_mask_outputs/masks/Landsat/landsat_monthly_2010_04_python_green_mask.tif
Landsat,landsat_monthly_2010_05.tif,GEE_exports_monthly_composites/landsat_monthly_2010_05.tif,2010-05-01,ndvi,0.5,18630,10667,57.25711218464841,9585,89.8565669822818,0.682702898979187,0.7215291857719421,True,,python_green_mask_outputs/masks/Landsat/landsat_monthly_2010_05_python_green_mask.tif
Landsat,landsat_monthly_2010_06.tif,GEE_exports_monthly_composites/landsat_monthly_2010_06.tif,2010-06-01,ndvi,0.5,18630,3871,20.77831454643049,3212,82.97597520020666,0.6233741044998169,0.6418628692626953,True,,python_green_mask_outputs/masks/Landsat/landsat_monthly_2010_06_python_green_mask.tif
Landsat,landsat_monthly_2010_08.tif,GEE_exports_monthly_composites/landsat_monthly_2010_08.tif,2010-08-01,ndvi,0.5,18630,901,4.836285560923242,498,55.27192008879023,0.5125696063041687,0.5068902373313904,False,low valid-pixel percentage,python_green_mask_outputs/masks/Landsat/landsat_monthly_2010_08_python_green_mask.tif
Landsat,landsat_monthly_2010_09.tif,GEE_exports_monthly_composites/landsat_monthly_2010_09.tif,2010-09-01,ndvi,0.5,18630,17446,93.64465915190553,9989,57.256677748481025,0.5320575833320618,0.5214968919754028,True,,python_green_mask_outputs/masks/Landsat/landsat_monthly_2010_09_python_green_mask.tif
Landsat,landsat_monthly_2010_10.tif,GEE_exports_monthly_composites/landsat_monthly_2010_10.tif,2010-10-01,ndvi,0.5,18630,18630,100.0,4809,25.813204508856682,0.43896570801734924,0.4210648536682129,True,,python_green_mask_outputs/masks/Landsat/landsat_monthly_2010_10_python_green_mask.tif
Landsat,landsat_monthly_2010_12.tif,GEE_exports_monthly_composites/landsat_monthly_2010_12.tif,2010-12-01,ndvi,0.5,18630,10847,58.223295759527645,10380,95.69466211855813,0.666144073009491,0.6799530982971191,True,,python_green_mask_outputs/masks/Landsat/landsat_monthly_2010_12_python_green_mask.tif
Landsat,landsat_monthly_2011_01.tif,GEE_exports_monthly_composites/landsat_monthly_2011_01.tif,2011-01-01,ndvi,0.5,18630,12365,66.3714439076758,11559,93.48160129397493,0.7165594696998596,0.7552242875099182,True,,python_green_mask_outputs/masks/Landsat/landsat_monthly_2011_01_python_green_mask.tif
Landsat,landsat_monthly_2011_02.tif,GEE_exports_monthly_composites/landsat_monthly_2011_02.tif,2011-02-01,ndvi,0.5,18630,13754,73.82716049382717,10676,77.62105569288934,0.615742027759552,0.6299553513526917,True,,python_green_mask_outputs/masks/Landsat/landsat_monthly_2011_02_python_green_mask.tif
Landsat,landsat_monthly_2011_03.tif,GEE_exports_monthly_composites/landsat_monthly_2011_03.tif,2011-03-01,ndvi,0.5,18630,904,4.852388620504563,795,87.9424778761062,0.6275758743286133,0.6395784020423889,False,low valid-pixel percentage,python_green_mask_outputs/masks/Landsat/landsat_monthly_2011_03_python_green_mask.tif
Landsat,landsat_monthly_2011_04.tif,GEE_exports_monthly_composites/landsat_monthly_2011_04.tif,2011-04-01,ndvi,0.5,18630,8824,47.36446591519055,7909,89.63055303717135,0.6547573804855347,0.6713452935218811,True,,python_green_mask_outputs/masks/Landsat/landsat_monthly_2011_04_python_green_mask.tif
Landsat,landsat_monthly_2011_05.tif,GEE_exports_monthly_composites/landsat_monthly_2011_05.tif,2011-05-01,ndvi,0.5,18630,8740,46.91358024691358,5625,64.35926773455378,0.5495004653930664,0.5572206974029541,True,,python_green_mask_outputs/masks/Landsat/landsat_monthly_2011_05_python_green_mask.tif
Landsat,landsat_monthly_2011_06.tif,GEE_exports_monthly_composites/landsat_monthly_2011_06.tif,2011-06-01,ndvi,0.5,18630,18129,97.31078904991948,7117,39.25754316288819,0.4642883837223053,0.4681914746761322,True,,python_green_mask_outputs/masks/Landsat/landsat_monthly_2011_06_python_green_mask.tif
Landsat,landsat_monthly_2011_07.tif,GEE_exports_monthly_composites/landsat_monthly_2011_07.tif,2011-07-01,ndvi,0.5,18630,7287,39.11433172302738,3634,49.86963084945794,0.4893347918987274,0.49950310587882996,True,,python_green_mask_outputs/masks/Landsat/landsat_monthly_2011_07_python_green_mask.tif
Landsat,landsat_monthly_2011_08.tif,GEE_exports_monthly_composites/landsat_monthly_2011_08.tif,2011-08-01,ndvi,0.5,18630,11428,61.34192163177671,3905,34.17045852292615,0.4447762668132782,0.4368441104888916,True,,python_green_mask_outputs/masks/Landsat/landsat_monthly_2011_08_python_green_mask.tif
Landsat,landsat_monthly_2011_09.tif,GEE_exports_monthly_composites/landsat_monthly_2011_09.tif,2011-09-01,ndvi,0.5,18630,17656,94.77187332259795,2682,15.19030357951971,0.37575533986091614,0.3610174059867859,True,,python_green_mask_outputs/masks/Landsat/landsat_monthly_2011_09_python_green_mask.tif
Landsat,landsat_monthly_2011_10.tif,GEE_exports_monthly_composites/landsat_monthly_2011_10.tif,2011-10-01,ndvi,0.5,18630,1762,9.45786366076221,285,16.174801362088537,0.3742024600505829,0.3676820397377014,False,low valid-pixel percentage,python_green_mask_outputs/masks/Landsat/landsat_monthly_2011_10_python_green_mask.tif
Landsat,landsat_monthly_2011_12.tif,GEE_exports_monthly_composites/landsat_monthly_2011_12.tif,2011-12-01,ndvi,0.5,18630,1063,5.705850778314546,954,89.74600188146755,0.6430899500846863,0.6546803116798401,False,low valid-pixel percentage,python_green_mask_outputs/masks/Landsat/landsat_monthly_2011_12_python_green_mask.tif
Landsat,landsat_monthly_2012_01.tif,GEE_exports_monthly_composites/landsat_monthly_2012_01.tif,2012-01-01,ndvi,0.5,18630,0,0.0,0,,,,False,no valid pixels,python_green_mask_outputs/masks/Landsat/landsat_monthly_2012_01_python_green_mask.tif
Landsat,landsat_monthly_2012_02.tif,GEE_exports_monthly_composites/landsat_monthly_2012_02.tif,2012-02-01,ndvi,0.5,18630,8007,42.97906602254428,6465,80.74185088047957,0.6322607398033142,0.6487290859222412,True,,python_green_mask_outputs/masks/Landsat/landsat_monthly_2012_02_python_green_mask.tif
Landsat,landsat_monthly_2012_03.tif,GEE_exports_monthly_composites/landsat_monthly_2012_03.tif,2012-03-01,ndvi,0.5,18630,13312,71.45464304884595,7072,53.125,0.49700647592544556,0.5138310790061951,True,,python_green_mask_outputs/masks/Landsat/landsat_monthly_2012_03_python_green_mask.tif
Landsat,landsat_monthly_2012_04.tif,GEE_exports_monthly_composites/landsat_monthly_2012_04.tif,2012-04-01,ndvi,0.5,18630,9836,52.79656468062265,3432,34.8922326148841,0.4293600618839264,0.43523862957954407,True,,python_green_mask_outputs/masks/Landsat/landsat_monthly_2012_04_python_green_mask.tif
Landsat,landsat_monthly_2012_05.tif,GEE_exports_monthly_composites/landsat_monthly_2012_05.tif,2012-05-01,ndvi,0.5,18630,13707,73.57487922705315,4623,33.72729262420661,0.42445674538612366,0.4341577887535095,True,,python_green_mask_outputs/masks/Landsat/landsat_monthly_2012_05_python_green_mask.tif
Landsat,landsat_monthly_2012_06.tif,GEE_exports_monthly_composites/landsat_monthly_2012_06.tif,2012-06-01,ndvi,0.5,18630,9398,50.445517981749866,1508,16.04596722706959,0.37159955501556396,0.3740088939666748,True,,python_green_mask_outputs/masks/Landsat/landsat_monthly_2012_06_python_green_mask.tif
Landsat,landsat_monthly_2012_07.tif,GEE_exports_monthly_composites/landsat_monthly_2012_07.tif,2012-07-01,ndvi,0.5,18630,11880,63.768115942028984,2248,18.922558922558924,0.38862937688827515,0.3766666650772095,True,,python_green_mask_outputs/masks/Landsat/landsat_monthly_2012_07_python_green_mask.tif
Landsat,landsat_monthly_2012_08.tif,GEE_exports_monthly_composites/landsat_monthly_2012_08.tif,2012-08-01,ndvi,0.5,18630,1061,5.695115405260333,115,10.838831291234685,0.37073832750320435,0.3598073124885559,False,low valid-pixel percentage,python_green_mask_outputs/masks/Landsat/landsat_monthly_2012_08_python_green_mask.tif
Landsat,landsat_monthly_2012_09.tif,GEE_exports_monthly_composites/landsat_monthly_2012_09.tif,2012-09-01,ndvi,0.5,18630,145,0.7783145464304885,87,60.0,0.49128082394599915,0.5356738567352295,False,low valid-pixel percentage,python_green_mask_outputs/masks/Landsat/landsat_monthly_2012_09_python_green_mask.tif
Landsat,landsat_monthly_2012_10.tif,GEE_exports_monthly_composites/landsat_monthly_2012_10.tif,2012-10-01,ndvi,0.5,18630,0,0.0,0,,,,False,no valid pixels,python_green_mask_outputs/masks/Landsat/landsat_monthly_2012_10_python_green_mask.tif
Landsat,landsat_monthly_2012_11.tif,GEE_exports_monthly_composites/landsat_monthly_2012_11.tif,2012-11-01,ndvi,0.5,18630,0,0.0,0,,,,False,no valid pixels,python_green_mask_outputs/masks/Landsat/landsat_monthly_2012_11_python_green_mask.tif
Landsat,landsat_monthly_2012_12.tif,GEE_exports_monthly_composites/landsat_monthly_2012_12.tif,2012-12-01,ndvi,0.5,18630,13773,73.92914653784219,6571,47.70928628476004,0.48172080516815186,0.4911074638366699,True,,python_green_mask_outputs/masks/Landsat/landsat_monthly_2012_12_python_green_mask.tif
Landsat,landsat_monthly_2013_01.tif,GEE_exports_monthly_composites/landsat_monthly_2013_01.tif,2013-01-01,ndvi,0.5,18630,7255,38.94256575415996,2323,32.01929703652653,0.4264651834964752,0.41799163818359375,True,,python_green_mask_outputs/masks/Landsat/landsat_monthly_2013_01_python_green_mask.tif
Landsat,landsat_monthly_2013_02.tif,GEE_exports_monthly_composites/landsat_monthly_2013_02.tif,2013-02-01,ndvi,0.5,18630,2497,13.403113258185721,1397,55.947136563876654,0.5303657054901123,0.5244408249855042,True,,python_green_mask_outputs/masks/Landsat/landsat_monthly_2013_02_python_green_mask.tif
Landsat,landsat_monthly_2013_03.tif,GEE_exports_monthly_composites/landsat_monthly_2013_03.tif,2013-03-01,ndvi,0.5,18630,16596,89.08212560386474,6637,39.99156423234514,0.4551559090614319,0.46175599098205566,True,,python_green_mask_outputs/masks/Landsat/landsat_monthly_2013_03_python_green_mask.tif
Landsat,landsat_monthly_2013_04.tif,GEE_exports_monthly_composites/landsat_monthly_2013_04.tif,2013-04-01,ndvi,0.5,18630,6215,33.360171765968865,5207,83.78117457763476,0.6997038722038269,0.7719378471374512,True,,python_green_mask_outputs/masks/Landsat/landsat_monthly_2013_04_python_green_mask.tif
Landsat,landsat_monthly_2013_05.tif,GEE_exports_monthly_composites/landsat_monthly_2013_05.tif,2013-05-01,ndvi,0.5,18630,18630,100.0,17082,91.69082125603865,0.6967309713363647,0.7371788024902344,True,,python_green_mask_outputs/masks/Landsat/landsat_monthly_2013_05_python_green_mask.tif
Landsat,landsat_monthly_2013_06.tif,GEE_exports_monthly_composites/landsat_monthly_2013_06.tif,2013-06-01,ndvi,0.5,18630,4767,25.587761674718198,4736,99.34969582546675,0.8027583360671997,0.8151341676712036,True,,python_green_mask_outputs/masks/Landsat/landsat_monthly_2013_06_python_green_mask.tif
Landsat,landsat_monthly_2013_07.tif,GEE_exports_monthly_composites/landsat_monthly_2013_07.tif,2013-07-01,ndvi,0.5,18630,18181,97.58990874932904,16326,89.79704086683901,0.6752897500991821,0.703869640827179,True,,python_green_mask_outputs/masks/Landsat/landsat_monthly_2013_07_python_green_mask.tif
Landsat,landsat_monthly_2013_08.tif,GEE_exports_monthly_composites/landsat_monthly_2013_08.tif,2013-08-01,ndvi,0.5,18630,18630,100.0,11478,61.610305958132045,0.5449286103248596,0.546215295791626,True,,python_green_mask_outputs/masks/Landsat/landsat_monthly_2013_08_python_green_mask.tif
Landsat,landsat_monthly_2013_09.tif,GEE_exports_monthly_composites/landsat_monthly_2013_09.tif,2013-09-01,ndvi,0.5,18630,5010,26.89210950080515,3062,61.11776447105788,0.5525088310241699,0.5324945449829102,True,,python_green_mask_outputs/masks/Landsat/landsat_monthly_2013_09_python_green_mask.tif
Landsat,landsat_monthly_2013_10.tif,GEE_exports_monthly_composites/landsat_monthly_2013_10.tif,2013-10-01,ndvi,0.5,18630,17898,96.07085346215781,3566,19.924013856296792,0.40333226323127747,0.3852508068084717,True,,python_green_mask_outputs/masks/Landsat/landsat_monthly_2013_10_python_green_mask.tif
Landsat,landsat_monthly_2013_11.tif,GEE_exports_monthly_composites/landsat_monthly_2013_11.tif,2013-11-01,ndvi,0.5,18630,10192,54.70746108427268,592,5.808477237048666,0.34991922974586487,0.34374338388442993,True,,python_green_mask_outputs/masks/Landsat/landsat_monthly_2013_11_python_green_mask.tif
Landsat,landsat_monthly_2013_12.tif,GEE_exports_monthly_composites/landsat_monthly_2013_12.tif,2013-12-01,ndvi,0.5,18630,5121,27.48792270531401,3445,67.27201718414372,0.5964277982711792,0.6007886528968811,True,,python_green_mask_outputs/masks/Landsat/landsat_monthly_2013_12_python_green_mask.tif
Landsat,landsat_monthly_2014_01.tif,GEE_exports_monthly_composites/landsat_monthly_2014_01.tif,2014-01-01,ndvi,0.5,18630,7171,38.49168008588298,6564,91.5353507181704,0.6909202933311462,0.7162050604820251,True,,python_green_mask_outputs/masks/Landsat/landsat_monthly_2014_01_python_green_mask.tif
Landsat,landsat_monthly_2014_02.tif,GEE_exports_monthly_composites/landsat_monthly_2014_02.tif,2014-02-01,ndvi,0.5,18630,14501,77.83682232957595,13763,94.91069581408179,0.7363466024398804,0.7776733040809631,True,,python_green_mask_outputs/masks/Landsat/landsat_monthly_2014_02_python_green_mask.tif
Landsat,landsat_monthly_2014_03.tif,GEE_exports_monthly_composites/landsat_monthly_2014_03.tif,2014-03-01,ndvi,0.5,18630,14752,79.18411164787976,11279,76.4574295010846,0.6211372017860413,0.6487982869148254,True,,python_green_mask_outputs/masks/Landsat/landsat_monthly_2014_03_python_green_mask.tif
Landsat,landsat_monthly_2014_04.tif,GEE_exports_monthly_composites/landsat_monthly_2014_04.tif,2014-04-01,ndvi,0.5,18630,18630,100.0,13925,74.74503488996243,0.5964228510856628,0.6182762384414673,True,,python_green_mask_outputs/masks/Landsat/landsat_monthly_2014_04_python_green_mask.tif
Landsat,landsat_monthly_2014_05.tif,GEE_exports_monthly_composites/landsat_monthly_2014_05.tif,2014-05-01,ndvi,0.5,18630,16548,88.82447665056361,11442,69.14430746918056,0.5682392120361328,0.5857254266738892,True,,python_green_mask_outputs/masks/Landsat/landsat_monthly_2014_05_python_green_mask.tif
Landsat,landsat_monthly_2014_06.tif,GEE_exports_monthly_composites/landsat_monthly_2014_06.tif,2014-06-01,ndvi,0.5,18630,12625,67.76704240472357,5998,47.50891089108911,0.47858431935310364,0.4907100200653076,True,,python_green_mask_outputs/masks/Landsat/landsat_monthly_2014_06_python_green_mask.tif
Landsat,landsat_monthly_2014_07.tif,GEE_exports_monthly_composites/landsat_monthly_2014_07.tif,2014-07-01,ndvi,0.5,18630,12124,65.07783145464305,5261,43.39326954800396,0.4793054759502411,0.47564345598220825,True,,python_green_mask_outputs/masks/Landsat/landsat_monthly_2014_07_python_green_mask.tif
Landsat,landsat_monthly_2014_08.tif,GEE_exports_monthly_composites/landsat_monthly_2014_08.tif,2014-08-01,ndvi,0.5,18630,14605,78.39506172839506,10301,70.53064019171516,0.5575016736984253,0.568005383014679,True,,python_green_mask_outputs/masks/Landsat/landsat_monthly_2014_08_python_green_mask.tif
Landsat,landsat_monthly_2014_09.tif,GEE_exports_monthly_composites/landsat_monthly_2014_09.tif,2014-09-01,ndvi,0.5,18630,4475,24.020397208803004,721,16.11173184357542,0.3952113687992096,0.3871421813964844,True,,python_green_mask_outputs/masks/Landsat/landsat_monthly_2014_09_python_green_mask.tif
Landsat,landsat_monthly_2014_10.tif,GEE_exports_monthly_composites/landsat_monthly_2014_10.tif,2014-10-01,ndvi,0.5,18630,5202,27.92270531400966,827,15.897731641676279,0.33218592405319214,0.2878391742706299,True,,python_green_mask_outputs/masks/Landsat/landsat_monthly_2014_10_python_green_mask.tif
Landsat,landsat_monthly_2014_11.tif,GEE_exports_monthly_composites/landsat_monthly_2014_11.tif,2014-11-01,ndvi,0.5,18630,3720,19.96779388083736,1370,36.82795698924731,0.4798601567745209,0.4403374493122101,True,,python_green_mask_outputs/masks/Landsat/landsat_monthly_2014_11_python_green_mask.tif
Landsat,landsat_monthly_2014_12.tif,GEE_exports_monthly_composites/landsat_monthly_2014_12.tif,2014-12-01,ndvi,0.5,18630,11315,60.73537305421363,10956,96.82722050375608,0.7488514184951782,0.7791861891746521,True,,python_green_mask_outputs/masks/Landsat/landsat_monthly_2014_12_python_green_mask.tif
Landsat,landsat_monthly_2015_01.tif,GEE_exports_monthly_composites/landsat_monthly_2015_01.tif,2015-01-01,ndvi,0.5,18630,16200,86.95652173913044,15231,94.01851851851852,0.7286354303359985,0.7601983547210693,True,,python_green_mask_outputs/masks/Landsat/landsat_monthly_2015_01_python_green_mask.tif
Landsat,landsat_monthly_2015_02.tif,GEE_exports_monthly_composites/landsat_monthly_2015_02.tif,2015-02-01,ndvi,0.5,18630,13748,73.79495437466451,12954,94.22461448938027,0.71492600440979,0.752657413482666,True,,python_green_mask_outputs/masks/Landsat/landsat_monthly_2015_02_python_green_mask.tif
Landsat,landsat_monthly_2015_03.tif,GEE_exports_monthly_composites/landsat_monthly_2015_03.tif,2015-03-01,ndvi,0.5,18630,4286,23.005904455179817,4141,96.61689220718618,0.7127982378005981,0.7205074429512024,True,,python_green_mask_outputs/masks/Landsat/landsat_monthly_2015_03_python_green_mask.tif
Landsat,landsat_monthly_2015_04.tif,GEE_exports_monthly_composites/landsat_monthly_2015_04.tif,2015-04-01,ndvi,0.5,18630,16511,88.62587224906065,12313,74.57452607352674,0.5954976081848145,0.6105230450630188,True,,python_green_mask_outputs/masks/Landsat/landsat_monthly_2015_04_python_green_mask.tif
Landsat,landsat_monthly_2015_05.tif,GEE_exports_monthly_composites/landsat_monthly_2015_05.tif,2015-05-01,ndvi,0.5,18630,18586,99.7638217928073,15436,83.05175938878726,0.6254667043685913,0.648798942565918,True,,python_green_mask_outputs/masks/Landsat/landsat_monthly_2015_05_python_green_mask.tif
Landsat,landsat_monthly_2015_06.tif,GEE_exports_monthly_composites/landsat_monthly_2015_06.tif,2015-06-01,ndvi,0.5,18630,119,0.6387546967257112,24,20.168067226890756,0.43260064721107483,0.43178197741508484,False,low valid-pixel percentage,python_green_mask_outputs/masks/Landsat/landsat_monthly_2015_06_python_green_mask.tif
Landsat,landsat_monthly_2015_07.tif,GEE_exports_monthly_composites/landsat_monthly_2015_07.tif,2015-07-01,ndvi,0.5,18630,0,0.0,0,,,,False,no valid pixels,python_green_mask_outputs/masks/Landsat/landsat_monthly_2015_07_python_green_mask.tif
Landsat,landsat_monthly_2015_08.tif,GEE_exports_monthly_composites/landsat_monthly_2015_08.tif,2015-08-01,ndvi,0.5,18630,6833,36.67740203972088,4131,60.45660763939704,0.5352073907852173,0.5305541753768921,True,,python_green_mask_outputs/masks/Landsat/landsat_monthly_2015_08_python_green_mask.tif
Landsat,landsat_monthly_2015_09.tif,GEE_exports_monthly_composites/landsat_monthly_2015_09.tif,2015-09-01,ndvi,0.5,18630,18429,98.92109500805152,9038,49.04227033479842,0.5058832168579102,0.49663835763931274,True,,python_green_mask_outputs/masks/Landsat/landsat_monthly_2015_09_python_green_mask.tif
Landsat,landsat_monthly_2015_10.tif,GEE_exports_monthly_composites/landsat_monthly_2015_10.tif,2015-10-01,ndvi,0.5,18630,18630,100.0,4471,23.99892646269458,0.4248112440109253,0.41061338782310486,True,,python_green_mask_outputs/masks/Landsat/landsat_monthly_2015_10_python_green_mask.tif
Landsat,landsat_monthly_2015_11.tif,GEE_exports_monthly_composites/landsat_monthly_2015_11.tif,2015-11-01,ndvi,0.5,18630,18630,100.0,4266,22.89855072463768,0.4142540395259857,0.40175575017929077,True,,python_green_mask_outputs/masks/Landsat/landsat_monthly_2015_11_python_green_mask.tif
Landsat,landsat_monthly_2015_12.tif,GEE_exports_monthly_composites/landsat_monthly_2015_12.tif,2015-12-01,ndvi,0.5,18630,17983,96.52710681696189,15673,87.15453483845855,0.6639583706855774,0.7004664540290833,True,,python_green_mask_outputs/masks/Landsat/landsat_monthly_2015_12_python_green_mask.tif
Landsat,landsat_monthly_2016_01.tif,GEE_exports_monthly_composites/landsat_monthly_2016_01.tif,2016-01-01,ndvi,0.5,18630,364,1.9538378958668814,255,70.05494505494505,0.5851241946220398,0.5960181951522827,False,low valid-pixel percentage,python_green_mask_outputs/masks/Landsat/landsat_monthly_2016_01_python_green_mask.tif
Landsat,landsat_monthly_2016_02.tif,GEE_exports_monthly_composites/landsat_monthly_2016_02.tif,2016-02-01,ndvi,0.5,18630,18630,100.0,18154,97.44498121309715,0.762511134147644,0.8005303740501404,True,,python_green_mask_outputs/masks/Landsat/landsat_monthly_2016_02_python_green_mask.tif
Landsat,landsat_monthly_2016_03.tif,GEE_exports_monthly_composites/landsat_monthly_2016_03.tif,2016-03-01,ndvi,0.5,18630,13049,70.04294149221685,11917,91.32500574756686,0.6872328519821167,0.717426061630249,True,,python_green_mask_outputs/masks/Landsat/landsat_monthly_2016_03_python_green_mask.tif
Landsat,landsat_monthly_2016_04.tif,GEE_exports_monthly_composites/landsat_monthly_2016_04.tif,2016-04-01,ndvi,0.5,18630,14600,78.36822329575953,11985,82.08904109589041,0.6338394284248352,0.6632354259490967,True,,python_green_mask_outputs/masks/Landsat/landsat_monthly_2016_04_python_green_mask.tif
Landsat,landsat_monthly_2016_05.tif,GEE_exports_monthly_composites/landsat_monthly_2016_05.tif,2016-05-01,ndvi,0.5,18630,17917,96.17283950617283,11736,65.50203717140147,0.5585601925849915,0.5730684995651245,True,,python_green_mask_outputs/masks/Landsat/landsat_monthly_2016_05_python_green_mask.tif
Landsat,landsat_monthly_2016_06.tif,GEE_exports_monthly_composites/landsat_monthly_2016_06.tif,2016-06-01,ndvi,0.5,18630,18629,99.99463231347289,11401,61.20027913468248,0.537848949432373,0.5544900298118591,True,,python_green_mask_outputs/masks/Landsat/landsat_monthly_2016_06_python_green_mask.tif
Landsat,landsat_monthly_2016_07.tif,GEE_exports_monthly_composites/landsat_monthly_2016_07.tif,2016-07-01,ndvi,0.5,18630,18630,100.0,13830,74.23510466988728,0.5804502964019775,0.5919968485832214,True,,python_green_mask_outputs/masks/Landsat/landsat_monthly_2016_07_python_green_mask.tif
Landsat,landsat_monthly_2016_08.tif,GEE_exports_monthly_composites/landsat_monthly_2016_08.tif,2016-08-01,ndvi,0.5,18630,17901,96.08695652173913,9271,51.79040277079493,0.5065284371376038,0.5069646239280701,True,,python_green_mask_outputs/masks/Landsat/landsat_monthly_2016_08_python_green_mask.tif
Landsat,landsat_monthly_2016_09.tif,GEE_exports_monthly_composites/landsat_monthly_2016_09.tif,2016-09-01,ndvi,0.5,18630,18630,100.0,8080,43.37090713902308,0.48240330815315247,0.4749147593975067,True,,python_green_mask_outputs/masks/Landsat/landsat_monthly_2016_09_python_green_mask.tif
Landsat,landsat_monthly_2016_10.tif,GEE_exports_monthly_composites/landsat_monthly_2016_10.tif,2016-10-01,ndvi,0.5,18630,2726,14.632313472893182,954,34.99633162142333,0.46874427795410156,0.4732137620449066,True,,python_green_mask_outputs/masks/Landsat/landsat_monthly_2016_10_python_green_mask.tif
Landsat,landsat_monthly_2016_11.tif,GEE_exports_monthly_composites/landsat_monthly_2016_11.tif,2016-11-01,ndvi,0.5,18630,18630,100.0,13831,74.24047235641439,0.5831779837608337,0.6036231517791748,True,,python_green_mask_outputs/masks/Landsat/landsat_monthly_2016_11_python_green_mask.tif
Landsat,landsat_monthly_2016_12.tif,GEE_exports_monthly_composites/landsat_monthly_2016_12.tif,2016-12-01,ndvi,0.5,18630,17703,95.02415458937197,13416,75.78376546348076,0.606406569480896,0.6367966532707214,True,,python_green_mask_outputs/masks/Landsat/landsat_monthly_2016_12_python_green_mask.tif
Landsat,landsat_monthly_2017_01.tif,GEE_exports_monthly_composites/landsat_monthly_2017_01.tif,2017-01-01,ndvi,0.5,18630,18569,99.67257112184649,9915,53.395444019602564,0.5076148509979248,0.5166357159614563,True,,python_green_mask_outputs/masks/Landsat/landsat_monthly_2017_01_python_green_mask.tif
Landsat,landsat_monthly_2017_02.tif,GEE_exports_monthly_composites/landsat_monthly_2017_02.tif,2017-02-01,ndvi,0.5,18630,10683,57.34299516908212,5173,48.422727698212114,0.49145230650901794,0.4948901832103729,True,,python_green_mask_outputs/masks/Landsat/landsat_monthly_2017_02_python_green_mask.tif
Landsat,landsat_monthly_2017_03.tif,GEE_exports_monthly_composites/landsat_monthly_2017_03.tif,2017-03-01,ndvi,0.5,18630,14038,75.3515834675255,3352,23.878045305599088,0.39953407645225525,0.39521774649620056,True,,python_green_mask_outputs/masks/Landsat/landsat_monthly_2017_03_python_green_mask.tif
Landsat,landsat_monthly_2017_04.tif,GEE_exports_monthly_composites/landsat_monthly_2017_04.tif,2017-04-01,ndvi,0.5,18630,7367,39.543746645195924,5230,70.99226279353876,0.601037323474884,0.6309870481491089,True,,python_green_mask_outputs/masks/Landsat/landsat_monthly_2017_04_python_green_mask.tif
Landsat,landsat_monthly_2017_05.tif,GEE_exports_monthly_composites/landsat_monthly_2017_05.tif,2017-05-01,ndvi,0.5,18630,17511,93.99355877616748,15663,89.4466335446291,0.6972325444221497,0.7471116185188293,True,,python_green_mask_outputs/masks/Landsat/landsat_monthly_2017_05_python_green_mask.tif
Landsat,landsat_monthly_2017_06.tif,GEE_exports_monthly_composites/landsat_monthly_2017_06.tif,2017-06-01,ndvi,0.5,18630,18630,100.0,16239,87.1658615136876,0.689140260219574,0.7374122738838196,True,,python_green_mask_outputs/masks/Landsat/landsat_monthly_2017_06_python_green_mask.tif
Landsat,landsat_monthly_2017_07.tif,GEE_exports_monthly_composites/landsat_monthly_2017_07.tif,2017-07-01,ndvi,0.5,18630,3307,17.750939345142243,3194,96.58300574538858,0.7596586346626282,0.7918434143066406,True,,python_green_mask_outputs/masks/Landsat/landsat_monthly_2017_07_python_green_mask.tif
Landsat,landsat_monthly_2017_08.tif,GEE_exports_monthly_composites/landsat_monthly_2017_08.tif,2017-08-01,ndvi,0.5,18630,13867,74.43370907139023,11243,81.07737794764549,0.6054443717002869,0.6224101185798645,True,,python_green_mask_outputs/masks/Landsat/landsat_monthly_2017_08_python_green_mask.tif
Landsat,landsat_monthly_2017_09.tif,GEE_exports_monthly_composites/landsat_monthly_2017_09.tif,2017-09-01,ndvi,0.5,18630,196,1.0520665593129361,16,8.16326530612245,0.3607611358165741,0.33945369720458984,False,low valid-pixel percentage,python_green_mask_outputs/masks/Landsat/landsat_monthly_2017_09_python_green_mask.tif
Landsat,landsat_monthly_2017_10.tif,GEE_exports_monthly_composites/landsat_monthly_2017_10.tif,2017-10-01,ndvi,0.5,18630,1625,8.722490606548577,873,53.723076923076924,0.51007479429245,0.5142739415168762,False,low valid-pixel percentage,python_green_mask_outputs/masks/Landsat/landsat_monthly_2017_10_python_green_mask.tif
Landsat,landsat_monthly_2017_11.tif,GEE_exports_monthly_composites/landsat_monthly_2017_11.tif,2017-11-01,ndvi,0.5,18630,4469,23.988191089640367,3895,87.1559633027523,0.6643683314323425,0.680211067199707,True,,python_green_mask_outputs/masks/Landsat/landsat_monthly_2017_11_python_green_mask.tif
Landsat,landsat_monthly_2017_12.tif,GEE_exports_monthly_composites/landsat_monthly_2017_12.tif,2017-12-01,ndvi,0.5,18630,17960,96.40365002683843,15920,88.64142538975501,0.6563096046447754,0.6766884326934814,True,,python_green_mask_outputs/masks/Landsat/landsat_monthly_2017_12_python_green_mask.tif
Landsat,landsat_monthly_2018_01.tif,GEE_exports_monthly_composites/landsat_monthly_2018_01.tif,2018-01-01,ndvi,0.5,18630,13486,72.38862050456254,10402,77.1318404271096,0.6157856583595276,0.6398013830184937,True,,python_green_mask_outputs/masks/Landsat/landsat_monthly_2018_01_python_green_mask.tif
Landsat,landsat_monthly_2018_02.tif,GEE_exports_monthly_composites/landsat_monthly_2018_02.tif,2018-02-01,ndvi,0.5,18630,9617,51.621041331186255,9112,94.74888218779245,0.7097890973091125,0.7329555749893188,True,,python_green_mask_outputs/masks/Landsat/landsat_monthly_2018_02_python_green_mask.tif
Landsat,landsat_monthly_2018_03.tif,GEE_exports_monthly_composites/landsat_monthly_2018_03.tif,2018-03-01,ndvi,0.5,18630,16693,89.60279119699409,15725,94.20116216378122,0.6980280876159668,0.7213815450668335,True,,python_green_mask_outputs/masks/Landsat/landsat_monthly_2018_03_python_green_mask.tif
Landsat,landsat_monthly_2018_04.tif,GEE_exports_monthly_composites/landsat_monthly_2018_04.tif,2018-04-01,ndvi,0.5,18630,16169,86.79012345679013,15357,94.97804440596202,0.7378326058387756,0.780129075050354,True,,python_green_mask_outputs/masks/Landsat/landsat_monthly_2018_04_python_green_mask.tif
Landsat,landsat_monthly_2018_05.tif,GEE_exports_monthly_composites/landsat_monthly_2018_05.tif,2018-05-01,ndvi,0.5,18630,13829,74.22973698336017,11864,85.79072962614795,0.6475254893302917,0.669239342212677,True,,python_green_mask_outputs/masks/Landsat/landsat_monthly_2018_05_python_green_mask.tif
Landsat,landsat_monthly_2018_06.tif,GEE_exports_monthly_composites/landsat_monthly_2018_06.tif,2018-06-01,ndvi,0.5,18630,9510,51.04669887278583,8156,85.76235541535226,0.6503633856773376,0.6761428117752075,True,,python_green_mask_outputs/masks/Landsat/landsat_monthly_2018_06_python_green_mask.tif
Landsat,landsat_monthly_2018_07.tif,GEE_exports_monthly_composites/landsat_monthly_2018_07.tif,2018-07-01,ndvi,0.5,18630,4626,24.830917874396135,2246,48.551664504971896,0.5007253885269165,0.4936344623565674,True,,python_green_mask_outputs/masks/Landsat/landsat_monthly_2018_07_python_green_mask.tif
Landsat,landsat_monthly_2018_08.tif,GEE_exports_monthly_composites/landsat_monthly_2018_08.tif,2018-08-01,ndvi,0.5,18630,13201,70.8588298443371,6092,46.14801908946292,0.4950624108314514,0.48583200573921204,True,,python_green_mask_outputs/masks/Landsat/landsat_monthly_2018_08_python_green_mask.tif
Landsat,landsat_monthly_2018_09.tif,GEE_exports_monthly_composites/landsat_monthly_2018_09.tif,2018-09-01,ndvi,0.5,18630,17475,93.80032206119162,4329,24.7725321888412,0.42137888073921204,0.40532994270324707,True,,python_green_mask_outputs/masks/Landsat/landsat_monthly_2018_09_python_green_mask.tif
Landsat,landsat_monthly_2018_10.tif,GEE_exports_monthly_composites/landsat_monthly_2018_10.tif,2018-10-01,ndvi,0.5,18630,14168,76.04938271604938,1207,8.519198193111237,0.3361015021800995,0.3168230652809143,True,,python_green_mask_outputs/masks/Landsat/landsat_monthly_2018_10_python_green_mask.tif
Landsat,landsat_monthly_2018_11.tif,GEE_exports_monthly_composites/landsat_monthly_2018_11.tif,2018-11-01,ndvi,0.5,18630,12636,67.82608695652173,1011,8.000949667616334,0.33431801199913025,0.30710312724113464,True,,python_green_mask_outputs/masks/Landsat/landsat_monthly_2018_11_python_green_mask.tif
Landsat,landsat_monthly_2018_12.tif,GEE_exports_monthly_composites/landsat_monthly_2018_12.tif,2018-12-01,ndvi,0.5,18630,17272,92.71068169618894,16236,94.00185270958777,0.7079766392707825,0.7351700067520142,True,,python_green_mask_outputs/masks/Landsat/landsat_monthly_2018_12_python_green_mask.tif
Landsat,landsat_monthly_2019_01.tif,GEE_exports_monthly_composites/landsat_monthly_2019_01.tif,2019-01-01,ndvi,0.5,18630,10694,57.4020397208803,9755,91.21937535066392,0.7082850933074951,0.7411642074584961,True,,python_green_mask_outputs/masks/Landsat/landsat_monthly_2019_01_python_green_mask.tif
Landsat,landsat_monthly_2019_02.tif,GEE_exports_monthly_composites/landsat_monthly_2019_02.tif,2019-02-01,ndvi,0.5,18630,16017,85.97423510466989,8255,51.53898982331273,0.513421893119812,0.5059812068939209,True,,python_green_mask_outputs/masks/Landsat/landsat_monthly_2019_02_python_green_mask.tif
Landsat,landsat_monthly_2019_03.tif,GEE_exports_monthly_composites/landsat_monthly_2019_03.tif,2019-03-01,ndvi,0.5,18630,15595,83.7090713902308,10891,69.83648605322219,0.6033935546875,0.6297154426574707,True,,python_green_mask_outputs/masks/Landsat/landsat_monthly_2019_03_python_green_mask.tif
Landsat,landsat_monthly_2019_04.tif,GEE_exports_monthly_composites/landsat_monthly_2019_04.tif,2019-04-01,ndvi,0.5,18630,15337,82.32420826623725,13155,85.77296733389842,0.6732848882675171,0.706074059009552,True,,python_green_mask_outputs/masks/Landsat/landsat_monthly_2019_04_python_green_mask.tif
Landsat,landsat_monthly_2019_05.tif,GEE_exports_monthly_composites/landsat_monthly_2019_05.tif,2019-05-01,ndvi,0.5,18630,17860,95.86688137412776,15169,84.93281075027996,0.6468144059181213,0.663388192653656,True,,python_green_mask_outputs/masks/Landsat/landsat_monthly_2019_05_python_green_mask.tif
Landsat,landsat_monthly_2019_06.tif,GEE_exports_monthly_composites/landsat_monthly_2019_06.tif,2019-06-01,ndvi,0.5,18630,14972,80.36500268384326,11280,75.34063585359337,0.6048869490623474,0.6205242872238159,True,,python_green_mask_outputs/masks/Landsat/landsat_monthly_2019_06_python_green_mask.tif
Landsat,landsat_monthly_2019_07.tif,GEE_exports_monthly_composites/landsat_monthly_2019_07.tif,2019-07-01,ndvi,0.5,18630,17020,91.35802469135803,13657,80.24089306698002,0.6055249571800232,0.6275920867919922,True,,python_green_mask_outputs/masks/Landsat/landsat_monthly_2019_07_python_green_mask.tif
Landsat,landsat_monthly_2019_08.tif,GEE_exports_monthly_composites/landsat_monthly_2019_08.tif,2019-08-01,ndvi,0.5,18630,12822,68.82447665056361,9320,72.68756824208391,0.5764198899269104,0.5866466760635376,True,,python_green_mask_outputs/masks/Landsat/landsat_monthly_2019_08_python_green_mask.tif
Landsat,landsat_monthly_2019_09.tif,GEE_exports_monthly_composites/landsat_monthly_2019_09.tif,2019-09-01,ndvi,0.5,18630,8936,47.965646806226516,5119,57.285138764547895,0.5297229886054993,0.5285559296607971,True,,python_green_mask_outputs/masks/Landsat/landsat_monthly_2019_09_python_green_mask.tif
Landsat,landsat_monthly_2019_10.tif,GEE_exports_monthly_composites/landsat_monthly_2019_10.tif,2019-10-01,ndvi,0.5,18630,9450,50.72463768115942,2739,28.984126984126984,0.43167173862457275,0.4087056517601013,True,,python_green_mask_outputs/masks/Landsat/landsat_monthly_2019_10_python_green_mask.tif
Landsat,landsat_monthly_2019_11.tif,GEE_exports_monthly_composites/landsat_monthly_2019_11.tif,2019-11-01,ndvi,0.5,18630,18630,100.0,3386,18.17498658078368,0.41226455569267273,0.40548551082611084,True,,python_green_mask_outputs/masks/Landsat/landsat_monthly_2019_11_python_green_mask.tif
Landsat,landsat_monthly_2019_12.tif,GEE_exports_monthly_composites/landsat_monthly_2019_12.tif,2019-12-01,ndvi,0.5,18630,18630,100.0,11252,60.3972088030059,0.523005485534668,0.5319117903709412,True,,python_green_mask_outputs/masks/Landsat/landsat_monthly_2019_12_python_green_mask.tif
Landsat,landsat_monthly_2020_01.tif,GEE_exports_monthly_composites/landsat_monthly_2020_01.tif,2020-01-01,ndvi,0.5,18630,14560,78.15351583467526,13890,95.39835164835165,0.7209742069244385,0.7542487978935242,True,,python_green_mask_outputs/masks/Landsat/landsat_monthly_2020_01_python_green_mask.tif
Landsat,landsat_monthly_2020_02.tif,GEE_exports_monthly_composites/landsat_monthly_2020_02.tif,2020-02-01,ndvi,0.5,18630,16798,90.16639828234031,15939,94.88629598761757,0.7434815168380737,0.7875805497169495,True,,python_green_mask_outputs/masks/Landsat/landsat_monthly_2020_02_python_green_mask.tif
Landsat,landsat_monthly_2020_03.tif,GEE_exports_monthly_composites/landsat_monthly_2020_03.tif,2020-03-01,ndvi,0.5,18630,2314,12.420826623725175,1971,85.1771823681936,0.6246265172958374,0.6204183101654053,True,,python_green_mask_outputs/masks/Landsat/landsat_monthly_2020_03_python_green_mask.tif
Landsat,landsat_monthly_2020_04.tif,GEE_exports_monthly_composites/landsat_monthly_2020_04.tif,2020-04-01,ndvi,0.5,18630,18630,100.0,18290,98.17498658078368,0.7768957614898682,0.8081476092338562,True,,python_green_mask_outputs/masks/Landsat/landsat_monthly_2020_04_python_green_mask.tif
Landsat,landsat_monthly_2020_05.tif,GEE_exports_monthly_composites/landsat_monthly_2020_05.tif,2020-05-01,ndvi,0.5,18630,15235,81.77670424047236,14833,97.36133902198884,0.7617653608322144,0.7958401441574097,True,,python_green_mask_outputs/masks/Landsat/landsat_monthly_2020_05_python_green_mask.tif
Landsat,landsat_monthly_2020_06.tif,GEE_exports_monthly_composites/landsat_monthly_2020_06.tif,2020-06-01,ndvi,0.5,18630,18554,99.59205582393989,18341,98.85199956882613,0.7596912980079651,0.7877303957939148,True,,python_green_mask_outputs/masks/Landsat/landsat_monthly_2020_06_python_green_mask.tif
Landsat,landsat_monthly_2020_07.tif,GEE_exports_monthly_composites/landsat_monthly_2020_07.tif,2020-07-01,ndvi,0.5,18630,7168,38.475577026301664,7047,98.31194196428571,0.7187760472297668,0.7357158660888672,True,,python_green_mask_outputs/masks/Landsat/landsat_monthly_2020_07_python_green_mask.tif
Landsat,landsat_monthly_2020_08.tif,GEE_exports_monthly_composites/landsat_monthly_2020_08.tif,2020-08-01,ndvi,0.5,18630,11913,63.94524959742351,11420,95.86166372869974,0.7033255696296692,0.7252316474914551,True,,python_green_mask_outputs/masks/Landsat/landsat_monthly_2020_08_python_green_mask.tif
Landsat,landsat_monthly_2020_09.tif,GEE_exports_monthly_composites/landsat_monthly_2020_09.tif,2020-09-01,ndvi,0.5,18630,10794,57.93880837359098,9218,85.39929590513248,0.6254810094833374,0.6399513483047485,True,,python_green_mask_outputs/masks/Landsat/landsat_monthly_2020_09_python_green_mask.tif
Landsat,landsat_monthly_2020_10.tif,GEE_exports_monthly_composites/landsat_monthly_2020_10.tif,2020-10-01,ndvi,0.5,18630,18055,96.91358024691358,8842,48.97258377180837,0.5069506764411926,0.4976672828197479,True,,python_green_mask_outputs/masks/Landsat/landsat_monthly_2020_10_python_green_mask.tif
Landsat,landsat_monthly_2020_11.tif,GEE_exports_monthly_composites/landsat_monthly_2020_11.tif,2020-11-01,ndvi,0.5,18630,4773,25.619967793880836,4636,97.12968782736225,0.6826331615447998,0.7061578035354614,True,,python_green_mask_outputs/masks/Landsat/landsat_monthly_2020_11_python_green_mask.tif
Landsat,landsat_monthly_2020_12.tif,GEE_exports_monthly_composites/landsat_monthly_2020_12.tif,2020-12-01,ndvi,0.5,18630,8655,46.4573268921095,8531,98.56730213749277,0.7435294985771179,0.7669747471809387,True,,python_green_mask_outputs/masks/Landsat/landsat_monthly_2020_12_python_green_mask.tif
Landsat,landsat_monthly_2021_01.tif,GEE_exports_monthly_composites/landsat_monthly_2021_01.tif,2021-01-01,ndvi,0.5,18630,14527,77.97638217928073,13263,91.29896055620569,0.6760534644126892,0.7024701833724976,True,,python_green_mask_outputs/masks/Landsat/landsat_monthly_2021_01_python_green_mask.tif
Landsat,landsat_monthly_2021_02.tif,GEE_exports_monthly_composites/landsat_monthly_2021_02.tif,2021-02-01,ndvi,0.5,18630,8023,43.06494900697799,7427,92.57135734762558,0.6977360844612122,0.716876745223999,True,,python_green_mask_outputs/masks/Landsat/landsat_monthly_2021_02_python_green_mask.tif
Landsat,landsat_monthly_2021_03.tif,GEE_exports_monthly_composites/landsat_monthly_2021_03.tif,2021-03-01,ndvi,0.5,18630,18627,99.98389694041867,17840,95.77495034090299,0.7043471932411194,0.7267594933509827,True,,python_green_mask_outputs/masks/Landsat/landsat_monthly_2021_03_python_green_mask.tif
Landsat,landsat_monthly_2021_04.tif,GEE_exports_monthly_composites/landsat_monthly_2021_04.tif,2021-04-01,ndvi,0.5,18630,18571,99.68330649490069,18034,97.10839480911098,0.7534904479980469,0.7874468564987183,True,,python_green_mask_outputs/masks/Landsat/landsat_monthly_2021_04_python_green_mask.tif
Landsat,landsat_monthly_2021_05.tif,GEE_exports_monthly_composites/landsat_monthly_2021_05.tif,2021-05-01,ndvi,0.5,18630,18331,98.39506172839506,17023,92.86454639681413,0.6511034369468689,0.6650482416152954,True,,python_green_mask_outputs/masks/Landsat/landsat_monthly_2021_05_python_green_mask.tif
Landsat,landsat_monthly_2021_06.tif,GEE_exports_monthly_composites/landsat_monthly_2021_06.tif,2021-06-01,ndvi,0.5,18630,13041,70.0,11907,91.30434782608695,0.6674231290817261,0.6872251033782959,True,,python_green_mask_outputs/masks/Landsat/landsat_monthly_2021_06_python_green_mask.tif
Landsat,landsat_monthly_2021_07.tif,GEE_exports_monthly_composites/landsat_monthly_2021_07.tif,2021-07-01,ndvi,0.5,18630,18630,100.0,13246,71.1003757380569,0.5745245814323425,0.5816212892532349,True,,python_green_mask_outputs/masks/Landsat/landsat_monthly_2021_07_python_green_mask.tif
Landsat,landsat_monthly_2021_08.tif,GEE_exports_monthly_composites/landsat_monthly_2021_08.tif,2021-08-01,ndvi,0.5,18630,3648,19.58132045088567,1968,53.94736842105263,0.522838830947876,0.513991117477417,True,,python_green_mask_outputs/masks/Landsat/landsat_monthly_2021_08_python_green_mask.tif
Landsat,landsat_monthly_2021_09.tif,GEE_exports_monthly_composites/landsat_monthly_2021_09.tif,2021-09-01,ndvi,0.5,18630,18630,100.0,7216,38.73322597960279,0.4696023166179657,0.4553474187850952,True,,python_green_mask_outputs/masks/Landsat/landsat_monthly_2021_09_python_green_mask.tif
Landsat,landsat_monthly_2021_10.tif,GEE_exports_monthly_composites/landsat_monthly_2021_10.tif,2021-10-01,ndvi,0.5,18630,18630,100.0,5213,27.98174986580784,0.43944206833839417,0.4272969961166382,True,,python_green_mask_outputs/masks/Landsat/landsat_monthly_2021_10_python_green_mask.tif
Landsat,landsat_monthly_2021_11.tif,GEE_exports_monthly_composites/landsat_monthly_2021_11.tif,2021-11-01,ndvi,0.5,18630,11763,63.14009661835749,11552,98.20623990478619,0.7902934551239014,0.8294079303741455,True,,python_green_mask_outputs/masks/Landsat/landsat_monthly_2021_11_python_green_mask.tif
Landsat,landsat_monthly_2021_12.tif,GEE_exports_monthly_composites/landsat_monthly_2021_12.tif,2021-12-01,ndvi,0.5,18630,8499,45.61996779388084,8430,99.18813978115072,0.808908224105835,0.8429832458496094,True,,python_green_mask_outputs/masks/Landsat/landsat_monthly_2021_12_python_green_mask.tif
Landsat,landsat_monthly_2022_01.tif,GEE_exports_monthly_composites/landsat_monthly_2022_01.tif,2022-01-01,ndvi,0.5,18630,5015,26.918947933440688,4975,99.2023928215354,0.8087629079818726,0.843475341796875,True,,python_green_mask_outputs/masks/Landsat/landsat_monthly_2022_01_python_green_mask.tif
Landsat,landsat_monthly_2022_02.tif,GEE_exports_monthly_composites/landsat_monthly_2022_02.tif,2022-02-01,ndvi,0.5,18630,16498,88.55609232420827,16265,98.58770760092132,0.797450065612793,0.8257479667663574,True,,python_green_mask_outputs/masks/Landsat/landsat_monthly_2022_02_python_green_mask.tif
Landsat,landsat_monthly_2022_03.tif,GEE_exports_monthly_composites/landsat_monthly_2022_03.tif,2022-03-01,ndvi,0.5,18630,13374,71.78743961352657,13169,98.46717511589651,0.7646341919898987,0.7869366407394409,True,,python_green_mask_outputs/masks/Landsat/landsat_monthly_2022_03_python_green_mask.tif
Landsat,landsat_monthly_2022_04.tif,GEE_exports_monthly_composites/landsat_monthly_2022_04.tif,2022-04-01,ndvi,0.5,18630,18630,100.0,18039,96.82769726247987,0.7520456910133362,0.7889730334281921,True,,python_green_mask_outputs/masks/Landsat/landsat_monthly_2022_04_python_green_mask.tif
Landsat,landsat_monthly_2022_05.tif,GEE_exports_monthly_composites/landsat_monthly_2022_05.tif,2022-05-01,ndvi,0.5,18630,18473,99.15727321524423,18204,98.5438207113084,0.7740229368209839,0.7914838194847107,True,,python_green_mask_outputs/masks/Landsat/landsat_monthly_2022_05_python_green_mask.tif
Landsat,landsat_monthly_2022_06.tif,GEE_exports_monthly_composites/landsat_monthly_2022_06.tif,2022-06-01,ndvi,0.5,18630,15717,84.36392914653784,15292,97.29592161353948,0.764155387878418,0.7946013808250427,True,,python_green_mask_outputs/masks/Landsat/landsat_monthly_2022_06_python_green_mask.tif
Landsat,landsat_monthly_2022_07.tif,GEE_exports_monthly_composites/landsat_monthly_2022_07.tif,2022-07-01,ndvi,0.5,18630,16173,86.81159420289855,15808,97.74315216719224,0.7413933873176575,0.7610724568367004,True,,python_green_mask_outputs/masks/Landsat/landsat_monthly_2022_07_python_green_mask.tif
Landsat,landsat_monthly_2022_08.tif,GEE_exports_monthly_composites/landsat_monthly_2022_08.tif,2022-08-01,ndvi,0.5,18630,18630,100.0,18038,96.82232957595276,0.7284541726112366,0.7560293674468994,True,,python_green_mask_outputs/masks/Landsat/landsat_monthly_2022_08_python_green_mask.tif
Landsat,landsat_monthly_2022_09.tif,GEE_exports_monthly_composites/landsat_monthly_2022_09.tif,2022-09-01,ndvi,0.5,18630,18630,100.0,16933,90.89103596349973,0.6625635027885437,0.6786561608314514,True,,python_green_mask_outputs/masks/Landsat/landsat_monthly_2022_09_python_green_mask.tif
Landsat,landsat_monthly_2022_10.tif,GEE_exports_monthly_composites/landsat_monthly_2022_10.tif,2022-10-01,ndvi,0.5,18630,15142,81.27750939345142,13534,89.38053097345133,0.651530385017395,0.6676093339920044,True,,python_green_mask_outputs/masks/Landsat/landsat_monthly_2022_10_python_green_mask.tif
Landsat,landsat_monthly_2022_11.tif,GEE_exports_monthly_composites/landsat_monthly_2022_11.tif,2022-11-01,ndvi,0.5,18630,35,0.1878690284487386,35,100.0,0.7092681527137756,0.694796621799469,False,low valid-pixel percentage,python_green_mask_outputs/masks/Landsat/landsat_monthly_2022_11_python_green_mask.tif
Landsat,landsat_monthly_2022_12.tif,GEE_exports_monthly_composites/landsat_monthly_2022_12.tif,2022-12-01,ndvi,0.5,18630,9509,51.041331186258724,9468,99.56882952991903,0.7961905598640442,0.8143666982650757,True,,python_green_mask_outputs/masks/Landsat/landsat_monthly_2022_12_python_green_mask.tif
Landsat,landsat_monthly_2023_01.tif,GEE_exports_monthly_composites/landsat_monthly_2023_01.tif,2023-01-01,ndvi,0.5,18630,10981,58.94256575415996,10767,98.05117930971679,0.7896732091903687,0.8165253400802612,True,,python_green_mask_outputs/masks/Landsat/landsat_monthly_2023_01_python_green_mask.tif
Landsat,landsat_monthly_2023_02.tif,GEE_exports_monthly_composites/landsat_monthly_2023_02.tif,2023-02-01,ndvi,0.5,18630,14725,79.03918411164788,14520,98.60780984719864,0.808954119682312,0.8399040102958679,True,,python_green_mask_outputs/masks/Landsat/landsat_monthly_2023_02_python_green_mask.tif
Landsat,landsat_monthly_2023_03.tif,GEE_exports_monthly_composites/landsat_monthly_2023_03.tif,2023-03-01,ndvi,0.5,18630,17231,92.49060654857756,16705,96.94736231211189,0.7775099277496338,0.81268709897995,True,,python_green_mask_outputs/masks/Landsat/landsat_monthly_2023_03_python_green_mask.tif
Landsat,landsat_monthly_2023_04.tif,GEE_exports_monthly_composites/landsat_monthly_2023_04.tif,2023-04-01,ndvi,0.5,18630,17866,95.8990874932904,16993,95.11362364267323,0.7686544060707092,0.819918692111969,True,,python_green_mask_outputs/masks/Landsat/landsat_monthly_2023_04_python_green_mask.tif
Landsat,landsat_monthly_2023_05.tif,GEE_exports_monthly_composites/landsat_monthly_2023_05.tif,2023-05-01,ndvi,0.5,18630,10532,56.532474503489,10242,97.24648689707558,0.7770830988883972,0.8131894469261169,True,,python_green_mask_outputs/masks/Landsat/landsat_monthly_2023_05_python_green_mask.tif
Landsat,landsat_monthly_2023_06.tif,GEE_exports_monthly_composites/landsat_monthly_2023_06.tif,2023-06-01,ndvi,0.5,18630,18416,98.85131508319914,17898,97.18722849695916,0.7634138464927673,0.7965517044067383,True,,python_green_mask_outputs/masks/Landsat/landsat_monthly_2023_06_python_green_mask.tif
Landsat,landsat_monthly_2023_07.tif,GEE_exports_monthly_composites/landsat_monthly_2023_07.tif,2023-07-01,ndvi,0.5,18630,18630,100.0,17190,92.27053140096618,0.700973391532898,0.7322902679443359,True,,python_green_mask_outputs/masks/Landsat/landsat_monthly_2023_07_python_green_mask.tif
Landsat,landsat_monthly_2023_08.tif,GEE_exports_monthly_composites/landsat_monthly_2023_08.tif,2023-08-01,ndvi,0.5,18630,18580,99.73161567364465,16484,88.71905274488698,0.6540957689285278,0.6659736037254333,True,,python_green_mask_outputs/masks/Landsat/landsat_monthly_2023_08_python_green_mask.tif
Landsat,landsat_monthly_2023_09.tif,GEE_exports_monthly_composites/landsat_monthly_2023_09.tif,2023-09-01,ndvi,0.5,18630,11333,60.83199141170156,9769,86.199594105709,0.6414533257484436,0.6514840722084045,True,,python_green_mask_outputs/masks/Landsat/landsat_monthly_2023_09_python_green_mask.tif
Landsat,landsat_monthly_2023_10.tif,GEE_exports_monthly_composites/landsat_monthly_2023_10.tif,2023-10-01,ndvi,0.5,18630,18314,98.30381105743425,9671,52.8065960467402,0.5145992636680603,0.5089249610900879,True,,python_green_mask_outputs/masks/Landsat/landsat_monthly_2023_10_python_green_mask.tif
Landsat,landsat_monthly_2023_11.tif,GEE_exports_monthly_composites/landsat_monthly_2023_11.tif,2023-11-01,ndvi,0.5,18630,18630,100.0,8262,44.34782608695652,0.48484644293785095,0.4786662459373474,True,,python_green_mask_outputs/masks/Landsat/landsat_monthly_2023_11_python_green_mask.tif
Landsat,landsat_monthly_2023_12.tif,GEE_exports_monthly_composites/landsat_monthly_2023_12.tif,2023-12-01,ndvi,0.5,18630,5018,26.935050993022006,1597,31.82542845755281,0.43909329175949097,0.423939049243927,True,,python_green_mask_outputs/masks/Landsat/landsat_monthly_2023_12_python_green_mask.tif
Landsat,landsat_monthly_2024_01.tif,GEE_exports_monthly_composites/landsat_monthly_2024_01.tif,2024-01-01,ndvi,0.5,18630,14818,79.53837895866882,12482,84.23538939128088,0.6797730922698975,0.7193032503128052,True,,python_green_mask_outputs/masks/Landsat/landsat_monthly_2024_01_python_green_mask.tif
Landsat,landsat_monthly_2024_02.tif,GEE_exports_monthly_composites/landsat_monthly_2024_02.tif,2024-02-01,ndvi,0.5,18630,12981,69.6779388083736,12561,96.76450196440952,0.7994397282600403,0.8418254256248474,True,,python_green_mask_outputs/masks/Landsat/landsat_monthly_2024_02_python_green_mask.tif
Landsat,landsat_monthly_2024_03.tif,GEE_exports_monthly_composites/landsat_monthly_2024_03.tif,2024-03-01,ndvi,0.5,18630,18630,100.0,18110,97.20880300590446,0.7968803644180298,0.8381495475769043,True,,python_green_mask_outputs/masks/Landsat/landsat_monthly_2024_03_python_green_mask.tif
Landsat,landsat_monthly_2024_04.tif,GEE_exports_monthly_composites/landsat_monthly_2024_04.tif,2024-04-01,ndvi,0.5,18630,11779,63.2259796027912,11521,97.8096612615672,0.7643070816993713,0.7845700979232788,True,,python_green_mask_outputs/masks/Landsat/landsat_monthly_2024_04_python_green_mask.tif
Landsat,landsat_monthly_2024_05.tif,GEE_exports_monthly_composites/landsat_monthly_2024_05.tif,2024-05-01,ndvi,0.5,18630,18630,100.0,18465,99.11433172302738,0.8256451487541199,0.8535387516021729,True,,python_green_mask_outputs/masks/Landsat/landsat_monthly_2024_05_python_green_mask.tif
Landsat,landsat_monthly_2024_06.tif,GEE_exports_monthly_composites/landsat_monthly_2024_06.tif,2024-06-01,ndvi,0.5,18630,18628,99.98926462694578,18467,99.13570968434614,0.8035853505134583,0.827295184135437,True,,python_green_mask_outputs/masks/Landsat/landsat_monthly_2024_06_python_green_mask.tif
Landsat,landsat_monthly_2024_07.tif,GEE_exports_monthly_composites/landsat_monthly_2024_07.tif,2024-07-01,ndvi,0.5,18630,17358,93.17230273752013,17145,98.77290010369859,0.7985826134681702,0.8245912790298462,True,,python_green_mask_outputs/masks/Landsat/landsat_monthly_2024_07_python_green_mask.tif
Landsat,landsat_monthly_2024_08.tif,GEE_exports_monthly_composites/landsat_monthly_2024_08.tif,2024-08-01,ndvi,0.5,18630,16886,90.63875469672571,16240,96.17434561174937,0.7172678709030151,0.7330220341682434,True,,python_green_mask_outputs/masks/Landsat/landsat_monthly_2024_08_python_green_mask.tif
Landsat,landsat_monthly_2024_09.tif,GEE_exports_monthly_composites/landsat_monthly_2024_09.tif,2024-09-01,ndvi,0.5,18630,17348,93.11862587224905,14876,85.75051879179156,0.626568078994751,0.6234451532363892,True,,python_green_mask_outputs/masks/Landsat/landsat_monthly_2024_09_python_green_mask.tif
Landsat,landsat_monthly_2024_10.tif,GEE_exports_monthly_composites/landsat_monthly_2024_10.tif,2024-10-01,ndvi,0.5,18630,14104,75.70585077831454,10943,77.58791832104367,0.5988578200340271,0.5969856977462769,True,,python_green_mask_outputs/masks/Landsat/landsat_monthly_2024_10_python_green_mask.tif
Landsat,landsat_monthly_2024_11.tif,GEE_exports_monthly_composites/landsat_monthly_2024_11.tif,2024-11-01,ndvi,0.5,18630,9190,49.32903918411165,7664,83.3949945593036,0.6138712167739868,0.6275566816329956,True,,python_green_mask_outputs/masks/Landsat/landsat_monthly_2024_11_python_green_mask.tif
Landsat,landsat_monthly_2024_12.tif,GEE_exports_monthly_composites/landsat_monthly_2024_12.tif,2024-12-01,ndvi,0.5,18630,3009,16.15136876006441,2854,94.84878697241608,0.7224685549736023,0.7500911951065063,True,,python_green_mask_outputs/masks/Landsat/landsat_monthly_2024_12_python_green_mask.tif
Landsat,landsat_monthly_2025_01.tif,GEE_exports_monthly_composites/landsat_monthly_2025_01.tif,2025-01-01,ndvi,0.5,18630,3432,18.421900161030596,3396,98.95104895104895,0.8004220724105835,0.8319146037101746,True,,python_green_mask_outputs/masks/Landsat/landsat_monthly_2025_01_python_green_mask.tif
Landsat,landsat_monthly_2025_02.tif,GEE_exports_monthly_composites/landsat_monthly_2025_02.tif,2025-02-01,ndvi,0.5,18630,1590,8.53462157809984,1588,99.87421383647799,0.795394778251648,0.7947660684585571,False,low valid-pixel percentage,python_green_mask_outputs/masks/Landsat/landsat_monthly_2025_02_python_green_mask.tif
Landsat,landsat_monthly_2025_03.tif,GEE_exports_monthly_composites/landsat_monthly_2025_03.tif,2025-03-01,ndvi,0.5,18630,16150,86.68813741277509,15505,96.0061919504644,0.722728967666626,0.7501922845840454,True,,python_green_mask_outputs/masks/Landsat/landsat_monthly_2025_03_python_green_mask.tif
Landsat,landsat_monthly_2025_04.tif,GEE_exports_monthly_composites/landsat_monthly_2025_04.tif,2025-04-01,ndvi,0.5,18630,16025,86.01717659688674,15666,97.7597503900156,0.7599816918373108,0.79374098777771,True,,python_green_mask_outputs/masks/Landsat/landsat_monthly_2025_04_python_green_mask.tif
Landsat,landsat_monthly_2025_05.tif,GEE_exports_monthly_composites/landsat_monthly_2025_05.tif,2025-05-01,ndvi,0.5,18630,834,4.476650563607086,834,100.0,0.8649949431419373,0.8829517364501953,False,low valid-pixel percentage,python_green_mask_outputs/masks/Landsat/landsat_monthly_2025_05_python_green_mask.tif
Landsat,landsat_monthly_2025_06.tif,GEE_exports_monthly_composites/landsat_monthly_2025_06.tif,2025-06-01,ndvi,0.5,18630,18630,100.0,18281,98.12667740203972,0.7414827942848206,0.7637617588043213,True,,python_green_mask_outputs/masks/Landsat/landsat_monthly_2025_06_python_green_mask.tif
Landsat,landsat_monthly_2025_07.tif,GEE_exports_monthly_composites/landsat_monthly_2025_07.tif,2025-07-01,ndvi,0.5,18630,12463,66.89747718733226,10760,86.33555323758324,0.6548377871513367,0.675723135471344,True,,python_green_mask_outputs/masks/Landsat/landsat_monthly_2025_07_python_green_mask.tif
Landsat,landsat_monthly_2025_08.tif,GEE_exports_monthly_composites/landsat_monthly_2025_08.tif,2025-08-01,ndvi,0.5,18630,12945,69.48470209339774,8735,67.47779065276168,0.5706469416618347,0.5795205235481262,True,,python_green_mask_outputs/masks/Landsat/landsat_monthly_2025_08_python_green_mask.tif
Landsat,landsat_monthly_2025_09.tif,GEE_exports_monthly_composites/landsat_monthly_2025_09.tif,2025-09-01,ndvi,0.5,18630,18629,99.99463231347289,8617,46.255837672446184,0.49252650141716003,0.4827443063259125,True,,python_green_mask_outputs/masks/Landsat/landsat_monthly_2025_09_python_green_mask.tif
Landsat,landsat_monthly_2025_10.tif,GEE_exports_monthly_composites/landsat_monthly_2025_10.tif,2025-10-01,ndvi,0.5,18630,14070,75.52334943639292,6618,47.0362473347548,0.49448296427726746,0.4876441955566406,True,,python_green_mask_outputs/masks/Landsat/landsat_monthly_2025_10_python_green_mask.tif
Landsat,landsat_monthly_2025_11.tif,GEE_exports_monthly_composites/landsat_monthly_2025_11.tif,2025-11-01,ndvi,0.5,18630,529,2.8395061728395063,418,79.01701323251417,0.5921502113342285,0.5748434662818909,False,low valid-pixel percentage,python_green_mask_outputs/masks/Landsat/landsat_monthly_2025_11_python_green_mask.tif
Landsat,landsat_monthly_2025_12.tif,GEE_exports_monthly_composites/landsat_monthly_2025_12.tif,2025-12-01,ndvi,0.5,18630,2354,12.635534084809446,2282,96.94137638062871,0.7062665224075317,0.7095823884010315,True,,python_green_mask_outputs/masks/Landsat/landsat_monthly_2025_12_python_green_mask.tif
Landsat,landsat_monthly_2026_01.tif,GEE_exports_monthly_composites/landsat_monthly_2026_01.tif,2026-01-01,ndvi,0.5,18630,4345,23.32259796027912,4228,97.30724971231301,0.782223641872406,0.8124485611915588,True,,python_green_mask_outputs/masks/Landsat/landsat_monthly_2026_01_python_green_mask.tif
Landsat,landsat_monthly_2026_02.tif,GEE_exports_monthly_composites/landsat_monthly_2026_02.tif,2026-02-01,ndvi,0.5,18630,10045,53.918411164787976,8998,89.57690393230463,0.6638745069503784,0.6766401529312134,True,,python_green_mask_outputs/masks/Landsat/landsat_monthly_2026_02_python_green_mask.tif
Landsat,landsat_monthly_2026_03.tif,GEE_exports_monthly_composites/landsat_monthly_2026_03.tif,2026-03-01,ndvi,0.5,18630,2883,15.475040257648953,2851,98.89004509191814,0.7521636486053467,0.7581415772438049,True,,python_green_mask_outputs/masks/Landsat/landsat_monthly_2026_03_python_green_mask.tif
Landsat,landsat_monthly_2026_04.tif,GEE_exports_monthly_composites/landsat_monthly_2026_04.tif,2026-04-01,ndvi,0.5,18630,7987,42.871712292002144,7661,95.91836734693878,0.7941276431083679,0.8368565440177917,True,,python_green_mask_outputs/masks/Landsat/landsat_monthly_2026_04_python_green_mask.tif
Landsat,landsat_monthly_2026_05.tif,GEE_exports_monthly_composites/landsat_monthly_2026_05.tif,2026-05-01,ndvi,0.5,18630,17267,92.68384326355341,17040,98.685353564603,0.7826759219169617,0.8098320364952087,True,,python_green_mask_outputs/masks/Landsat/landsat_monthly_2026_05_python_green_mask.tif
Sentinel-2,sentinel2_monthly_2018_12.tif,GEE_Sentinel2_monthly_composites/sentinel2_monthly_2018_12.tif,2018-12-01,ndvi,0.5,165222,165214,99.99515802980233,142839,86.45695885336593,0.6679467558860779,0.7107300758361816,True,,python_green_mask_outputs/masks/Sentinel-2/sentinel2_monthly_2018_12_python_green_mask.tif
Sentinel-2,sentinel2_monthly_2019_01.tif,GEE_Sentinel2_monthly_composites/sentinel2_monthly_2019_01.tif,2019-01-01,ndvi,0.5,165222,158725,96.06771495321446,113110,71.26161600252009,0.6089076995849609,0.6246979832649231,True,,python_green_mask_outputs/masks/Sentinel-2/sentinel2_monthly_2019_01_python_green_mask.tif
Sentinel-2,sentinel2_monthly_2019_02.tif,GEE_Sentinel2_monthly_composites/sentinel2_monthly_2019_02.tif,2019-02-01,ndvi,0.5,165222,165222,100.0,86187,52.164360678360026,0.512908935546875,0.5105364322662354,True,,python_green_mask_outputs/masks/Sentinel-2/sentinel2_monthly_2019_02_python_green_mask.tif
Sentinel-2,sentinel2_monthly_2019_03.tif,GEE_Sentinel2_monthly_composites/sentinel2_monthly_2019_03.tif,2019-03-01,ndvi,0.5,165222,165222,100.0,102561,62.07466318044813,0.5441345572471619,0.5752345323562622,True,,python_green_mask_outputs/masks/Sentinel-2/sentinel2_monthly_2019_03_python_green_mask.tif
Sentinel-2,sentinel2_monthly_2019_04.tif,GEE_Sentinel2_monthly_composites/sentinel2_monthly_2019_04.tif,2019-04-01,ndvi,0.5,165222,165222,100.0,134610,81.4722010386026,0.6518772840499878,0.6959811449050903,True,,python_green_mask_outputs/masks/Sentinel-2/sentinel2_monthly_2019_04_python_green_mask.tif
Sentinel-2,sentinel2_monthly_2019_05.tif,GEE_Sentinel2_monthly_composites/sentinel2_monthly_2019_05.tif,2019-05-01,ndvi,0.5,165222,163924,99.21439033542748,104963,64.03150240355286,0.5663990378379822,0.5765100717544556,True,,python_green_mask_outputs/masks/Sentinel-2/sentinel2_monthly_2019_05_python_green_mask.tif
Sentinel-2,sentinel2_monthly_2019_06.tif,GEE_Sentinel2_monthly_composites/sentinel2_monthly_2019_06.tif,2019-06-01,ndvi,0.5,165222,148483,89.86878260764306,76590,51.58166254722763,0.5106110572814941,0.5097885727882385,True,,python_green_mask_outputs/masks/Sentinel-2/sentinel2_monthly_2019_06_python_green_mask.tif
Sentinel-2,sentinel2_monthly_2019_07.tif,GEE_Sentinel2_monthly_composites/sentinel2_monthly_2019_07.tif,2019-07-01,ndvi,0.5,165222,165222,100.0,129092,78.13245209475735,0.6247835159301758,0.6594439148902893,True,,python_green_mask_outputs/masks/Sentinel-2/sentinel2_monthly_2019_07_python_green_mask.tif
Sentinel-2,sentinel2_monthly_2019_08.tif,GEE_Sentinel2_monthly_composites/sentinel2_monthly_2019_08.tif,2019-08-01,ndvi,0.5,165222,161850,97.95910956168065,83116,51.35372258263825,0.5052962899208069,0.5063220858573914,True,,python_green_mask_outputs/masks/Sentinel-2/sentinel2_monthly_2019_08_python_green_mask.tif
Sentinel-2,sentinel2_monthly_2019_09.tif,GEE_Sentinel2_monthly_composites/sentinel2_monthly_2019_09.tif,2019-09-01,ndvi,0.5,165222,165190,99.9806321192093,65276,39.51570918336461,0.46478646993637085,0.45816728472709656,True,,python_green_mask_outputs/masks/Sentinel-2/sentinel2_monthly_2019_09_python_green_mask.tif
Sentinel-2,sentinel2_monthly_2019_10.tif,GEE_Sentinel2_monthly_composites/sentinel2_monthly_2019_10.tif,2019-10-01,ndvi,0.5,165222,165222,100.0,27083,16.3918848579487,0.3763260543346405,0.3586351275444031,True,,python_green_mask_outputs/masks/Sentinel-2/sentinel2_monthly_2019_10_python_green_mask.tif
Sentinel-2,sentinel2_monthly_2019_11.tif,GEE_Sentinel2_monthly_composites/sentinel2_monthly_2019_11.tif,2019-11-01,ndvi,0.5,165222,165222,100.0,42824,25.91906646814589,0.4224199950695038,0.4117647111415863,True,,python_green_mask_outputs/masks/Sentinel-2/sentinel2_monthly_2019_11_python_green_mask.tif
Sentinel-2,sentinel2_monthly_2019_12.tif,GEE_Sentinel2_monthly_composites/sentinel2_monthly_2019_12.tif,2019-12-01,ndvi,0.5,165222,165222,100.0,79539,48.140683444093405,0.4820691645145416,0.49241435527801514,True,,python_green_mask_outputs/masks/Sentinel-2/sentinel2_monthly_2019_12_python_green_mask.tif
Sentinel-2,sentinel2_monthly_2020_01.tif,GEE_Sentinel2_monthly_composites/sentinel2_monthly_2020_01.tif,2020-01-01,ndvi,0.5,165222,165214,99.99515802980233,129791,78.55932305978912,0.6250242590904236,0.6591513156890869,True,,python_green_mask_outputs/masks/Sentinel-2/sentinel2_monthly_2020_01_python_green_mask.tif
Sentinel-2,sentinel2_monthly_2020_02.tif,GEE_Sentinel2_monthly_composites/sentinel2_monthly_2020_02.tif,2020-02-01,ndvi,0.5,165222,159799,96.71774945225212,98845,61.8558313881814,0.5711380839347839,0.5674350261688232,True,,python_green_mask_outputs/masks/Sentinel-2/sentinel2_monthly_2020_02_python_green_mask.tif
Sentinel-2,sentinel2_monthly_2020_03.tif,GEE_Sentinel2_monthly_composites/sentinel2_monthly_2020_03.tif,2020-03-01,ndvi,0.5,165222,165186,99.97821113411047,129080,78.14221544198661,0.6119145750999451,0.6324833631515503,True,,python_green_mask_outputs/masks/Sentinel-2/sentinel2_monthly_2020_03_python_green_mask.tif
Sentinel-2,sentinel2_monthly_2020_04.tif,GEE_Sentinel2_monthly_composites/sentinel2_monthly_2020_04.tif,2020-04-01,ndvi,0.5,165222,165210,99.99273704470349,150898,91.33708613280068,0.7038102149963379,0.7467226982116699,True,,python_green_mask_outputs/masks/Sentinel-2/sentinel2_monthly_2020_04_python_green_mask.tif
Sentinel-2,sentinel2_monthly_2020_05.tif,GEE_Sentinel2_monthly_composites/sentinel2_monthly_2020_05.tif,2020-05-01,ndvi,0.5,165222,161351,97.65709167060076,129321,80.14886799585996,0.6583743691444397,0.7187355160713196,True,,python_green_mask_outputs/masks/Sentinel-2/sentinel2_monthly_2020_05_python_green_mask.tif
Sentinel-2,sentinel2_monthly_2020_06.tif,GEE_Sentinel2_monthly_composites/sentinel2_monthly_2020_06.tif,2020-06-01,ndvi,0.5,165222,162451,98.32286257278086,116306,71.59451157579824,0.5755689740180969,0.5776165127754211,True,,python_green_mask_outputs/masks/Sentinel-2/sentinel2_monthly_2020_06_python_green_mask.tif
Sentinel-2,sentinel2_monthly_2020_07.tif,GEE_Sentinel2_monthly_composites/sentinel2_monthly_2020_07.tif,2020-07-01,ndvi,0.5,165222,165222,100.0,150408,91.03388168645822,0.6910943388938904,0.7265027761459351,True,,python_green_mask_outputs/masks/Sentinel-2/sentinel2_monthly_2020_07_python_green_mask.tif
Sentinel-2,sentinel2_monthly_2020_08.tif,GEE_Sentinel2_monthly_composites/sentinel2_monthly_2020_08.tif,2020-08-01,ndvi,0.5,165222,165222,100.0,150032,90.80630908716756,0.6810725927352905,0.7126099467277527,True,,python_green_mask_outputs/masks/Sentinel-2/sentinel2_monthly_2020_08_python_green_mask.tif
Sentinel-2,sentinel2_monthly_2020_09.tif,GEE_Sentinel2_monthly_composites/sentinel2_monthly_2020_09.tif,2020-09-01,ndvi,0.5,165222,165222,100.0,94921,57.45058164167,0.5322306156158447,0.5282236337661743,True,,python_green_mask_outputs/masks/Sentinel-2/sentinel2_monthly_2020_09_python_green_mask.tif
Sentinel-2,sentinel2_monthly_2020_10.tif,GEE_Sentinel2_monthly_composites/sentinel2_monthly_2020_10.tif,2020-10-01,ndvi,0.5,165222,165222,100.0,66790,40.42439868782608,0.48184671998023987,0.4676258862018585,True,,python_green_mask_outputs/masks/Sentinel-2/sentinel2_monthly_2020_10_python_green_mask.tif
Sentinel-2,sentinel2_monthly_2020_11.tif,GEE_Sentinel2_monthly_composites/sentinel2_monthly_2020_11.tif,2020-11-01,ndvi,0.5,165222,151017,91.4024766677561,122404,81.05312646920545,0.6402657628059387,0.6483932137489319,True,,python_green_mask_outputs/masks/Sentinel-2/sentinel2_monthly_2020_11_python_green_mask.tif
Sentinel-2,sentinel2_monthly_2020_12.tif,GEE_Sentinel2_monthly_composites/sentinel2_monthly_2020_12.tif,2020-12-01,ndvi,0.5,165222,165222,100.0,143309,86.73723838229776,0.6468813419342041,0.6629030704498291,True,,python_green_mask_outputs/masks/Sentinel-2/sentinel2_monthly_2020_12_python_green_mask.tif
Sentinel-2,sentinel2_monthly_2021_01.tif,GEE_Sentinel2_monthly_composites/sentinel2_monthly_2021_01.tif,2021-01-01,ndvi,0.5,165222,145446,88.03064967135127,90213,62.025081473536574,0.5533120632171631,0.5575481653213501,True,,python_green_mask_outputs/masks/Sentinel-2/sentinel2_monthly_2021_01_python_green_mask.tif
Sentinel-2,sentinel2_monthly_2021_02.tif,GEE_Sentinel2_monthly_composites/sentinel2_monthly_2021_02.tif,2021-02-01,ndvi,0.5,165222,79029,47.83200784399172,34525,43.6864948310114,0.5087692141532898,0.46804580092430115,True,,python_green_mask_outputs/masks/Sentinel-2/sentinel2_monthly_2021_02_python_green_mask.tif
Sentinel-2,sentinel2_monthly_2021_03.tif,GEE_Sentinel2_monthly_composites/sentinel2_monthly_2021_03.tif,2021-03-01,ndvi,0.5,165222,165222,100.0,141090,85.39419689871809,0.6528789401054382,0.6778523325920105,True,,python_green_mask_outputs/masks/Sentinel-2/sentinel2_monthly_2021_03_python_green_mask.tif
Sentinel-2,sentinel2_monthly_2021_04.tif,GEE_Sentinel2_monthly_composites/sentinel2_monthly_2021_04.tif,2021-04-01,ndvi,0.5,165222,165222,100.0,140728,85.17509774727337,0.6579652428627014,0.6888346672058105,True,,python_green_mask_outputs/masks/Sentinel-2/sentinel2_monthly_2021_04_python_green_mask.tif
Sentinel-2,sentinel2_monthly_2021_05.tif,GEE_Sentinel2_monthly_composites/sentinel2_monthly_2021_05.tif,2021-05-01,ndvi,0.5,165222,165222,100.0,142540,86.2718039970464,0.6441147923469543,0.6697075366973877,True,,python_green_mask_outputs/masks/Sentinel-2/sentinel2_monthly_2021_05_python_green_mask.tif
Sentinel-2,sentinel2_monthly_2021_06.tif,GEE_Sentinel2_monthly_composites/sentinel2_monthly_2021_06.tif,2021-06-01,ndvi,0.5,165222,165222,100.0,92424,55.93928169372118,0.540779709815979,0.5276422500610352,True,,python_green_mask_outputs/masks/Sentinel-2/sentinel2_monthly_2021_06_python_green_mask.tif
Sentinel-2,sentinel2_monthly_2021_07.tif,GEE_Sentinel2_monthly_composites/sentinel2_monthly_2021_07.tif,2021-07-01,ndvi,0.5,165222,164981,99.85413564779509,58578,35.50590674077621,0.4484834671020508,0.428280770778656,True,,python_green_mask_outputs/masks/Sentinel-2/sentinel2_monthly_2021_07_python_green_mask.tif
Sentinel-2,sentinel2_monthly_2021_08.tif,GEE_Sentinel2_monthly_composites/sentinel2_monthly_2021_08.tif,2021-08-01,ndvi,0.5,165222,165222,100.0,65639,39.72776022563581,0.45885923504829407,0.4461628198623657,True,,python_green_mask_outputs/masks/Sentinel-2/sentinel2_monthly_2021_08_python_green_mask.tif
Sentinel-2,sentinel2_monthly_2021_09.tif,GEE_Sentinel2_monthly_composites/sentinel2_monthly_2021_09.tif,2021-09-01,ndvi,0.5,165222,165222,100.0,36429,22.04851654138069,0.40430521965026855,0.3863636255264282,True,,python_green_mask_outputs/masks/Sentinel-2/sentinel2_monthly_2021_09_python_green_mask.tif
Sentinel-2,sentinel2_monthly_2021_10.tif,GEE_Sentinel2_monthly_composites/sentinel2_monthly_2021_10.tif,2021-10-01,ndvi,0.5,165222,165222,100.0,28880,17.479512413601093,0.3700603246688843,0.3494641184806824,True,,python_green_mask_outputs/masks/Sentinel-2/sentinel2_monthly_2021_10_python_green_mask.tif
Sentinel-2,sentinel2_monthly_2021_11.tif,GEE_Sentinel2_monthly_composites/sentinel2_monthly_2021_11.tif,2021-11-01,ndvi,0.5,165222,133221,80.63151396303155,114528,85.96842840092778,0.6551012396812439,0.6816049814224243,True,,python_green_mask_outputs/masks/Sentinel-2/sentinel2_monthly_2021_11_python_green_mask.tif
Sentinel-2,sentinel2_monthly_2021_12.tif,GEE_Sentinel2_monthly_composites/sentinel2_monthly_2021_12.tif,2021-12-01,ndvi,0.5,165222,131718,79.72182881214366,104692,79.48192350324177,0.6546781659126282,0.7010220289230347,True,,python_green_mask_outputs/masks/Sentinel-2/sentinel2_monthly_2021_12_python_green_mask.tif
Sentinel-2,sentinel2_monthly_2022_01.tif,GEE_Sentinel2_monthly_composites/sentinel2_monthly_2022_01.tif,2022-01-01,ndvi,0.5,165222,165222,100.0,159509,96.54222803258646,0.7855983376502991,0.831648051738739,True,,python_green_mask_outputs/masks/Sentinel-2/sentinel2_monthly_2022_01_python_green_mask.tif
Sentinel-2,sentinel2_monthly_2022_02.tif,GEE_Sentinel2_monthly_composites/sentinel2_monthly_2022_02.tif,2022-02-01,ndvi,0.5,165222,108816,65.86047862875404,85936,78.97368034112631,0.6499684453010559,0.6845628023147583,True,,python_green_mask_outputs/masks/Sentinel-2/sentinel2_monthly_2022_02_python_green_mask.tif
Sentinel-2,sentinel2_monthly_2022_03.tif,GEE_Sentinel2_monthly_composites/sentinel2_monthly_2022_03.tif,2022-03-01,ndvi,0.5,165222,95543,57.82704482453911,85175,89.1483415844175,0.6794280409812927,0.724343478679657,True,,python_green_mask_outputs/masks/Sentinel-2/sentinel2_monthly_2022_03_python_green_mask.tif
Sentinel-2,sentinel2_monthly_2022_04.tif,GEE_Sentinel2_monthly_composites/sentinel2_monthly_2022_04.tif,2022-04-01,ndvi,0.5,165222,150661,91.18700899395964,136298,90.46667684404059,0.7031096816062927,0.7511577606201172,True,,python_green_mask_outputs/masks/Sentinel-2/sentinel2_monthly_2022_04_python_green_mask.tif
Sentinel-2,sentinel2_monthly_2022_05.tif,GEE_Sentinel2_monthly_composites/sentinel2_monthly_2022_05.tif,2022-05-01,ndvi,0.5,165222,165222,100.0,159802,96.71956519107624,0.7804045677185059,0.8275011777877808,True,,python_green_mask_outputs/masks/Sentinel-2/sentinel2_monthly_2022_05_python_green_mask.tif
Sentinel-2,sentinel2_monthly_2022_06.tif,GEE_Sentinel2_monthly_composites/sentinel2_monthly_2022_06.tif,2022-06-01,ndvi,0.5,165222,165222,100.0,156629,94.79911876142403,0.7619723677635193,0.8156800270080566,True,,python_green_mask_outputs/masks/Sentinel-2/sentinel2_monthly_2022_06_python_green_mask.tif
Sentinel-2,sentinel2_monthly_2022_07.tif,GEE_Sentinel2_monthly_composites/sentinel2_monthly_2022_07.tif,2022-07-01,ndvi,0.5,165222,163974,99.24465264916294,149241,91.01503896959274,0.6941902041435242,0.7198034524917603,True,,python_green_mask_outputs/masks/Sentinel-2/sentinel2_monthly_2022_07_python_green_mask.tif
Sentinel-2,sentinel2_monthly_2022_08.tif,GEE_Sentinel2_monthly_composites/sentinel2_monthly_2022_08.tif,2022-08-01,ndvi,0.5,165222,165222,100.0,150788,91.2638752708477,0.6901293396949768,0.7246427536010742,True,,python_green_mask_outputs/masks/Sentinel-2/sentinel2_monthly_2022_08_python_green_mask.tif
Sentinel-2,sentinel2_monthly_2022_09.tif,GEE_Sentinel2_monthly_composites/sentinel2_monthly_2022_09.tif,2022-09-01,ndvi,0.5,165222,165222,100.0,125165,75.75564997397441,0.6035215854644775,0.6178460121154785,True,,python_green_mask_outputs/masks/Sentinel-2/sentinel2_monthly_2022_09_python_green_mask.tif
Sentinel-2,sentinel2_monthly_2022_10.tif,GEE_Sentinel2_monthly_composites/sentinel2_monthly_2022_10.tif,2022-10-01,ndvi,0.5,165222,66007,39.95049085472879,41082,62.238853454936596,0.5275527238845825,0.5518565773963928,True,,python_green_mask_outputs/masks/Sentinel-2/sentinel2_monthly_2022_10_python_green_mask.tif
Sentinel-2,sentinel2_monthly_2022_11.tif,GEE_Sentinel2_monthly_composites/sentinel2_monthly_2022_11.tif,2022-11-01,ndvi,0.5,165222,50648,30.654513321470507,15082,29.778076133312272,0.4413737654685974,0.4342469573020935,True,,python_green_mask_outputs/masks/Sentinel-2/sentinel2_monthly_2022_11_python_green_mask.tif
Sentinel-2,sentinel2_monthly_2022_12.tif,GEE_Sentinel2_monthly_composites/sentinel2_monthly_2022_12.tif,2022-12-01,ndvi,0.5,165222,90301,54.65434385251359,83449,92.41204416340905,0.7247100472450256,0.771581768989563,True,,python_green_mask_outputs/masks/Sentinel-2/sentinel2_monthly_2022_12_python_green_mask.tif
Sentinel-2,sentinel2_monthly_2023_01.tif,GEE_Sentinel2_monthly_composites/sentinel2_monthly_2023_01.tif,2023-01-01,ndvi,0.5,165222,152155,92.09124692837516,143818,94.5207190036476,0.7489952445030212,0.799300491809845,True,,python_green_mask_outputs/masks/Sentinel-2/sentinel2_monthly_2023_01_python_green_mask.tif
Sentinel-2,sentinel2_monthly_2023_02.tif,GEE_Sentinel2_monthly_composites/sentinel2_monthly_2023_02.tif,2023-02-01,ndvi,0.5,165222,137690,83.33635956470688,122317,88.83506427482025,0.7200009822845459,0.7812348008155823,True,,python_green_mask_outputs/masks/Sentinel-2/sentinel2_monthly_2023_02_python_green_mask.tif
Sentinel-2,sentinel2_monthly_2023_03.tif,GEE_Sentinel2_monthly_composites/sentinel2_monthly_2023_03.tif,2023-03-01,ndvi,0.5,165222,52754,31.92916197600804,48296,91.54945596542443,0.7399027943611145,0.7894078493118286,True,,python_green_mask_outputs/masks/Sentinel-2/sentinel2_monthly_2023_03_python_green_mask.tif
Sentinel-2,sentinel2_monthly_2023_04.tif,GEE_Sentinel2_monthly_composites/sentinel2_monthly_2023_04.tif,2023-04-01,ndvi,0.5,165222,139305,84.3138322983622,117595,84.41549118839956,0.6828320026397705,0.7325077652931213,True,,python_green_mask_outputs/masks/Sentinel-2/sentinel2_monthly_2023_04_python_green_mask.tif
Sentinel-2,sentinel2_monthly_2023_05.tif,GEE_Sentinel2_monthly_composites/sentinel2_monthly_2023_05.tif,2023-05-01,ndvi,0.5,165222,64211,38.863468545351104,39745,61.897494198813284,0.5565781593322754,0.5558849573135376,True,,python_green_mask_outputs/masks/Sentinel-2/sentinel2_monthly_2023_05_python_green_mask.tif
Sentinel-2,sentinel2_monthly_2023_06.tif,GEE_Sentinel2_monthly_composites/sentinel2_monthly_2023_06.tif,2023-06-01,ndvi,0.5,165222,163482,98.94687148200603,140533,85.96236894581666,0.6790687441825867,0.714499831199646,True,,python_green_mask_outputs/masks/Sentinel-2/sentinel2_monthly_2023_06_python_green_mask.tif
Sentinel-2,sentinel2_monthly_2023_07.tif,GEE_Sentinel2_monthly_composites/sentinel2_monthly_2023_07.tif,2023-07-01,ndvi,0.5,165222,130059,78.71772524240113,93696,72.04115055474823,0.60300213098526,0.6190476417541504,True,,python_green_mask_outputs/masks/Sentinel-2/sentinel2_monthly_2023_07_python_green_mask.tif
Sentinel-2,sentinel2_monthly_2023_08.tif,GEE_Sentinel2_monthly_composites/sentinel2_monthly_2023_08.tif,2023-08-01,ndvi,0.5,165222,145879,88.29272130830034,101869,69.83116144201702,0.5680079460144043,0.5785512924194336,True,,python_green_mask_outputs/masks/Sentinel-2/sentinel2_monthly_2023_08_python_green_mask.tif
Sentinel-2,sentinel2_monthly_2023_09.tif,GEE_Sentinel2_monthly_composites/sentinel2_monthly_2023_09.tif,2023-09-01,ndvi,0.5,165222,165222,100.0,71852,43.48815533040394,0.4820580780506134,0.47451871633529663,True,,python_green_mask_outputs/masks/Sentinel-2/sentinel2_monthly_2023_09_python_green_mask.tif
Sentinel-2,sentinel2_monthly_2023_10.tif,GEE_Sentinel2_monthly_composites/sentinel2_monthly_2023_10.tif,2023-10-01,ndvi,0.5,165222,165196,99.98426359685756,54638,33.07465071793506,0.4396921396255493,0.43020355701446533,True,,python_green_mask_outputs/masks/Sentinel-2/sentinel2_monthly_2023_10_python_green_mask.tif
Sentinel-2,sentinel2_monthly_2023_11.tif,GEE_Sentinel2_monthly_composites/sentinel2_monthly_2023_11.tif,2023-11-01,ndvi,0.5,165222,165222,100.0,49079,29.704881916451804,0.42100173234939575,0.40919119119644165,True,,python_green_mask_outputs/masks/Sentinel-2/sentinel2_monthly_2023_11_python_green_mask.tif
Sentinel-2,sentinel2_monthly_2023_12.tif,GEE_Sentinel2_monthly_composites/sentinel2_monthly_2023_12.tif,2023-12-01,ndvi,0.5,165222,165222,100.0,46899,28.385445037585793,0.41011515259742737,0.39845311641693115,True,,python_green_mask_outputs/masks/Sentinel-2/sentinel2_monthly_2023_12_python_green_mask.tif
Sentinel-2,sentinel2_monthly_2024_01.tif,GEE_Sentinel2_monthly_composites/sentinel2_monthly_2024_01.tif,2024-01-01,ndvi,0.5,165222,165222,100.0,87128,52.73389742286136,0.5024351477622986,0.5163483619689941,True,,python_green_mask_outputs/masks/Sentinel-2/sentinel2_monthly_2024_01_python_green_mask.tif
Sentinel-2,sentinel2_monthly_2024_02.tif,GEE_Sentinel2_monthly_composites/sentinel2_monthly_2024_02.tif,2024-02-01,ndvi,0.5,165222,63095,38.188013702775656,54173,85.85941833742768,0.6582583785057068,0.6979038119316101,True,,python_green_mask_outputs/masks/Sentinel-2/sentinel2_monthly_2024_02_python_green_mask.tif
Sentinel-2,sentinel2_monthly_2024_03.tif,GEE_Sentinel2_monthly_composites/sentinel2_monthly_2024_03.tif,2024-03-01,ndvi,0.5,165222,165222,100.0,153403,92.84659427921221,0.7395921349525452,0.7900726795196533,True,,python_green_mask_outputs/masks/Sentinel-2/sentinel2_monthly_2024_03_python_green_mask.tif
Sentinel-2,sentinel2_monthly_2024_04.tif,GEE_Sentinel2_monthly_composites/sentinel2_monthly_2024_04.tif,2024-04-01,ndvi,0.5,165222,29943,18.122889203616953,19057,63.64425742243596,0.5928853154182434,0.607708215713501,True,,python_green_mask_outputs/masks/Sentinel-2/sentinel2_monthly_2024_04_python_green_mask.tif
Sentinel-2,sentinel2_monthly_2024_05.tif,GEE_Sentinel2_monthly_composites/sentinel2_monthly_2024_05.tif,2024-05-01,ndvi,0.5,165222,165222,100.0,158936,96.1954219171781,0.7746335864067078,0.8311433792114258,True,,python_green_mask_outputs/masks/Sentinel-2/sentinel2_monthly_2024_05_python_green_mask.tif
Sentinel-2,sentinel2_monthly_2024_06.tif,GEE_Sentinel2_monthly_composites/sentinel2_monthly_2024_06.tif,2024-06-01,ndvi,0.5,165222,147446,89.24114222076963,132426,89.81321975502895,0.7027767896652222,0.7406527996063232,True,,python_green_mask_outputs/masks/Sentinel-2/sentinel2_monthly_2024_06_python_green_mask.tif
Sentinel-2,sentinel2_monthly_2024_07.tif,GEE_Sentinel2_monthly_composites/sentinel2_monthly_2024_07.tif,2024-07-01,ndvi,0.5,165222,133397,80.73803730738037,114302,85.68558513309894,0.6827535033226013,0.7138413786888123,True,,python_green_mask_outputs/masks/Sentinel-2/sentinel2_monthly_2024_07_python_green_mask.tif
Sentinel-2,sentinel2_monthly_2024_08.tif,GEE_Sentinel2_monthly_composites/sentinel2_monthly_2024_08.tif,2024-08-01,ndvi,0.5,165222,165222,100.0,140022,84.74779387732869,0.6365306973457336,0.6472994089126587,True,,python_green_mask_outputs/masks/Sentinel-2/sentinel2_monthly_2024_08_python_green_mask.tif
Sentinel-2,sentinel2_monthly_2024_09.tif,GEE_Sentinel2_monthly_composites/sentinel2_monthly_2024_09.tif,2024-09-01,ndvi,0.5,165222,165222,100.0,130717,79.11597729115978,0.6112310886383057,0.6217584013938904,True,,python_green_mask_outputs/masks/Sentinel-2/sentinel2_monthly_2024_09_python_green_mask.tif
Sentinel-2,sentinel2_monthly_2024_10.tif,GEE_Sentinel2_monthly_composites/sentinel2_monthly_2024_10.tif,2024-10-01,ndvi,0.5,165222,165222,100.0,101136,61.212187238987546,0.540411114692688,0.5403746366500854,True,,python_green_mask_outputs/masks/Sentinel-2/sentinel2_monthly_2024_10_python_green_mask.tif
Sentinel-2,sentinel2_monthly_2024_11.tif,GEE_Sentinel2_monthly_composites/sentinel2_monthly_2024_11.tif,2024-11-01,ndvi,0.5,165222,80941,48.98923872123567,55670,68.7784929763655,0.5640149712562561,0.5862832069396973,True,,python_green_mask_outputs/masks/Sentinel-2/sentinel2_monthly_2024_11_python_green_mask.tif
Sentinel-2,sentinel2_monthly_2024_12.tif,GEE_Sentinel2_monthly_composites/sentinel2_monthly_2024_12.tif,2024-12-01,ndvi,0.5,165222,152876,92.52762949244047,138592,90.65647976137524,0.6932104229927063,0.7248128652572632,True,,python_green_mask_outputs/masks/Sentinel-2/sentinel2_monthly_2024_12_python_green_mask.tif
Sentinel-2,sentinel2_monthly_2025_01.tif,GEE_Sentinel2_monthly_composites/sentinel2_monthly_2025_01.tif,2025-01-01,ndvi,0.5,165222,128246,77.62041374635339,97972,76.39380565475726,0.6263107657432556,0.6491570472717285,True,,python_green_mask_outputs/masks/Sentinel-2/sentinel2_monthly_2025_01_python_green_mask.tif
Sentinel-2,sentinel2_monthly_2025_02.tif,GEE_Sentinel2_monthly_composites/sentinel2_monthly_2025_02.tif,2025-02-01,ndvi,0.5,165222,153626,92.98156419847236,140464,91.4324398213844,0.6928865313529968,0.7214068174362183,True,,python_green_mask_outputs/masks/Sentinel-2/sentinel2_monthly_2025_02_python_green_mask.tif
Sentinel-2,sentinel2_monthly_2025_03.tif,GEE_Sentinel2_monthly_composites/sentinel2_monthly_2025_03.tif,2025-03-01,ndvi,0.5,165222,160632,97.22191959908487,141338,87.98869465610838,0.6700981259346008,0.6953389048576355,True,,python_green_mask_outputs/masks/Sentinel-2/sentinel2_monthly_2025_03_python_green_mask.tif
Sentinel-2,sentinel2_monthly_2025_04.tif,GEE_Sentinel2_monthly_composites/sentinel2_monthly_2025_04.tif,2025-04-01,ndvi,0.5,165222,159893,96.77464260207478,135546,84.7729419048989,0.6547500491142273,0.6745458245277405,True,,python_green_mask_outputs/masks/Sentinel-2/sentinel2_monthly_2025_04_python_green_mask.tif
Sentinel-2,sentinel2_monthly_2025_05.tif,GEE_Sentinel2_monthly_composites/sentinel2_monthly_2025_05.tif,2025-05-01,ndvi,0.5,165222,130921,79.23944753120044,113569,86.74620572711788,0.6639370322227478,0.6956866979598999,True,,python_green_mask_outputs/masks/Sentinel-2/sentinel2_monthly_2025_05_python_green_mask.tif
Sentinel-2,sentinel2_monthly_2025_06.tif,GEE_Sentinel2_monthly_composites/sentinel2_monthly_2025_06.tif,2025-06-01,ndvi,0.5,165222,165222,100.0,151537,91.71720473060488,0.6920785307884216,0.7191708087921143,True,,python_green_mask_outputs/masks/Sentinel-2/sentinel2_monthly_2025_06_python_green_mask.tif
Sentinel-2,sentinel2_monthly_2025_07.tif,GEE_Sentinel2_monthly_composites/sentinel2_monthly_2025_07.tif,2025-07-01,ndvi,0.5,165222,165222,100.0,127516,77.17858396581569,0.6095121502876282,0.6193330883979797,True,,python_green_mask_outputs/masks/Sentinel-2/sentinel2_monthly_2025_07_python_green_mask.tif
Sentinel-2,sentinel2_monthly_2025_08.tif,GEE_Sentinel2_monthly_composites/sentinel2_monthly_2025_08.tif,2025-08-01,ndvi,0.5,165222,165222,100.0,88877,53.79247315732772,0.5147139430046082,0.5196276903152466,True,,python_green_mask_outputs/masks/Sentinel-2/sentinel2_monthly_2025_08_python_green_mask.tif
Sentinel-2,sentinel2_monthly_2025_09.tif,GEE_Sentinel2_monthly_composites/sentinel2_monthly_2025_09.tif,2025-09-01,ndvi,0.5,165222,165222,100.0,54322,32.87818813475203,0.4277077913284302,0.4111747741699219,True,,python_green_mask_outputs/masks/Sentinel-2/sentinel2_monthly_2025_09_python_green_mask.tif
Sentinel-2,sentinel2_monthly_2025_10.tif,GEE_Sentinel2_monthly_composites/sentinel2_monthly_2025_10.tif,2025-10-01,ndvi,0.5,165222,95672,57.90512159397659,25531,26.685968726482148,0.3882215619087219,0.3657762408256531,True,,python_green_mask_outputs/masks/Sentinel-2/sentinel2_monthly_2025_10_python_green_mask.tif
Sentinel-2,sentinel2_monthly_2025_11.tif,GEE_Sentinel2_monthly_composites/sentinel2_monthly_2025_11.tif,2025-11-01,ndvi,0.5,165222,165222,100.0,83925,50.79529360496786,0.4915451407432556,0.5038985013961792,True,,python_green_mask_outputs/masks/Sentinel-2/sentinel2_monthly_2025_11_python_green_mask.tif
Sentinel-2,sentinel2_monthly_2025_12.tif,GEE_Sentinel2_monthly_composites/sentinel2_monthly_2025_12.tif,2025-12-01,ndvi,0.5,165222,141052,85.37119754027914,111048,78.72841221677112,0.6307636499404907,0.6481302976608276,True,,python_green_mask_outputs/masks/Sentinel-2/sentinel2_monthly_2025_12_python_green_mask.tif
Sentinel-2,sentinel2_monthly_2026_01.tif,GEE_Sentinel2_monthly_composites/sentinel2_monthly_2026_01.tif,2026-01-01,ndvi,0.5,165222,60037,36.33717059471499,34502,57.46789479820777,0.5397093892097473,0.5353535413742065,True,,python_green_mask_outputs/masks/Sentinel-2/sentinel2_monthly_2026_01_python_green_mask.tif
Sentinel-2,sentinel2_monthly_2026_02.tif,GEE_Sentinel2_monthly_composites/sentinel2_monthly_2026_02.tif,2026-02-01,ndvi,0.5,165222,111357,67.39840941279006,91644,82.2974756863062,0.6309993267059326,0.6576055288314819,True,,python_green_mask_outputs/masks/Sentinel-2/sentinel2_monthly_2026_02_python_green_mask.tif
Sentinel-2,sentinel2_monthly_2026_03.tif,GEE_Sentinel2_monthly_composites/sentinel2_monthly_2026_03.tif,2026-03-01,ndvi,0.5,165222,165222,100.0,155677,94.22292430790088,0.7600775361061096,0.8114034533500671,True,,python_green_mask_outputs/masks/Sentinel-2/sentinel2_monthly_2026_03_python_green_mask.tif
Sentinel-2,sentinel2_monthly_2026_04.tif,GEE_Sentinel2_monthly_composites/sentinel2_monthly_2026_04.tif,2026-04-01,ndvi,0.5,165222,140168,84.83615983343623,131446,93.77746703955253,0.7193691730499268,0.7603946924209595,True,,python_green_mask_outputs/masks/Sentinel-2/sentinel2_monthly_2026_04_python_green_mask.tif
Sentinel-2,sentinel2_monthly_2026_05.tif,GEE_Sentinel2_monthly_composites/sentinel2_monthly_2026_05.tif,2026-05-01,ndvi,0.5,165222,165222,100.0,156131,94.49770611661886,0.7336781024932861,0.7684645652770996,True,,python_green_mask_outputs/masks/Sentinel-2/sentinel2_monthly_2026_05_python_green_mask.tif
